{"unlogin_new":[{"peerid":"","img":null,"detail":null,"btn_text":null,"btn_url":""},{"peerid":"0","img":"https://img-vip-ssl.a.88cdn.com/img/banner/201912192118044586.png","detail":"海量大片在线看","btn_text":"立即登录看大片","btn_url":"https://video-vip-ssl.xunlei.com/index_pc.html?referfrom=v_pc_xlx_ggong_hover_nolog"},{"peerid":"1","img":"https://img-vip-ssl.a.88cdn.com/img/banner/201912192118044586.png","detail":"海量大片在线看","btn_text":"立即登录看大片","btn_url":"https://video-vip-ssl.xunlei.com/index_pc.html?referfrom=v_pc_xlx_ggong_hover_nolog"},{"peerid":"2","img":"https://img-vip-ssl.a.88cdn.com/img/banner/201912192118044586.png","detail":"海量大片在线看","btn_text":"立即登录看大片","btn_url":"https://video-vip-ssl.xunlei.com/index_pc.html?referfrom=v_pc_xlx_ggong_hover_nolog"},{"peerid":"3","img":"https://img-vip-ssl.a.88cdn.com/img/banner/201912192118044586.png","detail":"海量大片在线看","btn_text":"立即登录看大片","btn_url":"https://video-vip-ssl.xunlei.com/index_pc.html?referfrom=v_pc_xlx_ggong_hover_nolog"},{"peerid":"4","img":"https://img-vip-ssl.a.88cdn.com/img/banner/201912192118044586.png","detail":"海量大片在线看","btn_text":"立即登录看大片","btn_url":"https://video-vip-ssl.xunlei.com/index_pc.html?referfrom=v_pc_xlx_ggong_hover_nolog"},{"peerid":"5","img":"https://img-vip-ssl.a.88cdn.com/img/banner/201912192118044586.png","detail":"海量大片在线看","btn_text":"立即登录看大片","btn_url":"https://video-vip-ssl.xunlei.com/index_pc.html?referfrom=v_pc_xlx_ggong_hover_nolog"},{"peerid":"6","img":"https://img-vip-ssl.a.88cdn.com/img/banner/201912192118044586.png","detail":"海量大片在线看","btn_text":"立即登录看大片","btn_url":"https://video-vip-ssl.xunlei.com/index_pc.html?referfrom=v_pc_xlx_ggong_hover_nolog"},{"peerid":"7","img":"https://img-vip-ssl.a.88cdn.com/img/banner/201912192118044586.png","detail":"海量大片在线看","btn_text":"立即登录看大片","btn_url":"https://video-vip-ssl.xunlei.com/index_pc.html?referfrom=v_pc_xlx_ggong_hover_nolog"},{"peerid":"8","img":"https://img-vip-ssl.a.88cdn.com/img/banner/201912192118044586.png","detail":"海量大片在线看","btn_text":"立即登录看大片","btn_url":"https://video-vip-ssl.xunlei.com/index_pc.html?referfrom=v_pc_xlx_ggong_hover_nolog"},{"peerid":"9","img":"https://img-vip-ssl.a.88cdn.com/img/banner/201912192118044586.png","detail":"海量大片在线看","btn_text":"立即登录看大片","btn_url":"https://video-vip-ssl.xunlei.com/index_pc.html?referfrom=v_pc_xlx_ggong_hover_nolog"},{"peerid":"a","img":"https://img-vip-ssl.a.88cdn.com/img/banner/201912192118044586.png","detail":"海量大片在线看","btn_text":"立即登录看大片","btn_url":"https://video-vip-ssl.xunlei.com/index_pc.html?referfrom=v_pc_xlx_ggong_hover_nolog"},{"peerid":"b","img":"https://img-vip-ssl.a.88cdn.com/img/banner/201912192118044586.png","detail":"海量大片在线看","btn_text":"立即登录看大片","btn_url":"https://video-vip-ssl.xunlei.com/index_pc.html?referfrom=v_pc_xlx_ggong_hover_nolog"},{"peerid":"c","img":"https://img-vip-ssl.a.88cdn.com/img/banner/201912192118044586.png","detail":"海量大片在线看","btn_text":"立即登录看大片","btn_url":"https://video-vip-ssl.xunlei.com/index_pc.html?referfrom=v_pc_xlx_ggong_hover_nolog"},{"peerid":"d","img":"https://img-vip-ssl.a.88cdn.com/img/banner/201912192118044586.png","detail":"海量大片在线看","btn_text":"立即登录看大片","btn_url":"https://video-vip-ssl.xunlei.com/index_pc.html?referfrom=v_pc_xlx_ggong_hover_nolog"},{"peerid":"e","img":"https://img-vip-ssl.a.88cdn.com/img/banner/201912192118044586.png","detail":"海量大片在线看","btn_text":"立即登录看大片","btn_url":"https://video-vip-ssl.xunlei.com/index_pc.html?referfrom=v_pc_xlx_ggong_hover_nolog"},{"peerid":"f","img":"https://img-vip-ssl.a.88cdn.com/img/banner/201912192118044586.png","detail":"海量大片在线看","btn_text":"立即登录看大片","btn_url":"https://video-vip-ssl.xunlei.com/index_pc.html?referfrom=v_pc_xlx_ggong_hover_nolog"}],"loginCommon":{"img1":"https://img-vip-ssl.a.88cdn.com/img/banner/201812251824345053.png","img1hover":"https://img-vip-ssl.a.88cdn.com/img/banner/201812251824513928.png","text1":"卡券|卡券%d张","url1":"https://vip.xunlei.com/vip_service/mycenter/vault_v2.html?referfrom=v_pc_xlx_ggong_hover_yyw","img2":"https://img-vip-ssl.a.88cdn.com/img/banner/201812251825258953.png","img2hover":"https://img-vip-ssl.a.88cdn.com/img/banner/201812251825388073.png","text2":"金币换会员","url2":"https://misc-xl9-ssl.xunlei.com/welfare-pc/?entrypage=client_leftright&entry=client_leftright_head","img3":"","img3hover":"","text3":"","url3":""},"btn":{"notautodeductnormal":{"btn_title":"开通白金会员","url":"https://pay.xunlei.com/pay.html?bizNo=baijin/?referfrom=v_pc_xlx_ggong_pay_hover&aidfrom=ktbj","tip":""},"autodeductvip":{"btn_title":"领取连续包月","url":"https://vip.xunlei.com/vip_service/baoyue/index.html?referfrom=v_pc_xlx_ggong_pay_hover","tip":""},"notautodeductsuper":{"btn_title":"续费超级会员","url":"https://pay.xunlei.com/pay.html?bizNo=baijin/?referfrom=v_pc_xlx_ggong_pay_hover&aidfrom=xfcj","tip":""},"notautodeductbaijin":{"btn_title":"续费白金会员","url":"https://pay.xunlei.com/pay.html?bizNo=baijin/?referfrom=v_pc_xlx_ggong_pay_hover&aidfrom=xfbj","tip":""},"usedtobevip":{"btn_title":"开通下载会员","url":"https://pay.xunlei.com/pay.html?bizNo=baijin/?referfrom=v_pc_xlx_ggong_pay_hover&aidfrom=gqkt","tip":""},"neverusedvip":{"btn_title":"开通下载会员","url":"https://pay.xunlei.com/pay.html?bizNo=baijin/?referfrom=v_pc_xlx_ggong_pay_hover&aidfrom=firstkt","tip":""}},"text":{"supervip":{"text":"【视频福利】砸蛋领31天超级会员","url":"https://act-vip-ssl.xunlei.com/pc/vip/2019/video/index.html?referfrom=v_pc_xlx_ggong_hover_wzl"},"baijinvip":{"text":"【迎新年】3年会员已送达，请查收","url":"https://act-vip-ssl.xunlei.com/pc/vip/klb/dist/index.html?referfrom=v_pc_xlx_ggong_hover_wzl"},"neverusedvipnogift\t":{"text":"【迎新年】3年会员已送达，请查收","url":"https://act-vip-ssl.xunlei.com/pc/vip/klb/dist/index.html?referfrom=v_pc_xlx_ggong_hover_wzl"},"normalvip\t":{"text":"【迎新年】3年会员已送达，请查收","url":"https://act-vip-ssl.xunlei.com/pc/vip/klb/dist/index.html?referfrom=v_pc_xlx_ggong_hover_wzl"},"expiredvip":{"text":"【迎新年】3年会员已送达，请查收","url":"https://act-vip-ssl.xunlei.com/pc/vip/klb/dist/index.html?referfrom=v_pc_xlx_ggong_hover_wzl"},"newuser":{"text":"【迎新年】3年会员已送达，请查收","url":"https://act-vip-ssl.xunlei.com/pc/vip/klb/dist/index.html?referfrom=v_pc_xlx_ggong_hover_wzl"}},"date":"2020/1/2"}