﻿<?xml version="1.0" encoding="UTF-8"?>
<XMLLang id="0" language="简体中文 (Chinese Simplified)" version="1.0">
  <!-- Main menu-->
  <Text id="spl_file" text="文件(&amp;F)" />
  <Text id="spl_edit" text="编辑(&amp;E)" />
  <Text id="spl_view" text="查看(&amp;V)" />
  <Text id="spl_zoom" text="缩放(&amp;Z)" />
  <Text id="spl_navigation" text="定位(&amp;N)" />
  <Text id="spl_control" text="操作(&amp;C)" />
  <Text id="spl_tools" text="工具(&amp;T)" />
  <Text id="spl_help" text="帮助(&amp;H)" />
  <Text id="spl_open_file" text="打开影音文件(&amp;O)" />
  <Text id="spl_add_media_file" text="添加视频文件..."/>
  <Text id="spl_save_file_as" text="影音文件另存为(&amp;S)" />
  <Text id="spl_save_all_fragments_as" text="所有区段另存为(&amp;S)" />
  <Text id="spl_close" text="关闭(&amp;C)" />
  <Text id="spl_load_project" text="加载项目(&amp;L)" />
  <Text id="spl_save_project_as" text="项目另存为(&amp;S)" />
  <Text id="spl_save_project" text="儲存项目" />
  <Text id="spl_import" text="导入 EDL..."/>
  <Text id="spl_load_batch_list" text="加载批处理列表(&amp;L)"/>
  <Text id="spl_save_batch_list_as" text="批处理列表另存为(&amp;S)"/>
  <Text id="spl_save_batch_list" text="儲存批次清單"/>
  <Text id="spl_recent_file" text="最近使用的文件(&amp;R)"/>
  <Text id="spl_clear_recent_history" text="清除历史记录(&amp;C)"/>
  <Text id="spl_clear_recent_history_question" text="您确定清除最近的文件清单吗?"/>
  <Text id="spl_exit" text="退出(&amp;E)" />
  <Text id="spl_undo" text="取消(&amp;U)" />
  <Text id="spl_redo" text="重做(&amp;R)" />
  <Text id="spl_stop" text="停止" />
  <Text id="spl_play" text="播放(&amp;P)" />
  <Text id="spl_pause" text="暂停(&amp;P)" />
  <Text id="spl_add_marker" text="添加标记点" />
  <Text id="spl_delete_marker" text="删除标记点或点区段" />
  <Text id="spl_delete_marker_or_markers" text="删除点区段或游标所在区段的始末标记点" />
  <Text id="spl_keep_fragment" text="保留所选区段" />
  <Text id="spl_cut_out_fragment" text="切除所选区段" />
  <Text id="spl_cut_out_prev_fragment" text="删掉以前的片段"/>
  <Text id="spl_clear_all_markers" text="清除所有标记点" />
  <Text id="spl_invert_time_line_fragments" text="取反区段属性" />
  <Text id="spl_act_set_audio_silence" text="静默音轨" />
  <Text id="spl_act_set_audio_silence_off" text="音轨静默解除" />
  <Text id="spl_calc_destination_file_size" text="计算输出文件大小" />
  <Text id="spl_split_into_fragmets_outputdlg_capt" text="文件另存为; 输出的文件将被追加编号..."/>
  <Text id="spl_start_trimming" text="开始剪切" />
  <Text id="spl_move_scaled_area_right" text="缩放区域右移" />
  <Text id="spl_move_scaled_area_left" text="缩放区域左移" />
  <Text id="spl_move_zoom_in" text="放大" />
  <Text id="spl_move_zoom_out" text="缩小" />
  <Text id="spl_maximize_zoom" text="最大缩放比例" />
  <Text id="spl_reset_zoom" text="恢复默认缩放比例" />
  <Text id="spl_next_k_frame" text="下一关键帧" />
  <Text id="spl_previous_k_frame" text="上一关键帧" />
  <Text id="spl_next_frame" text="下一帧" />
  <Text id="spl_previous_frame" text="上一帧" />
  <Text id="spl_jump_to_2_min_forward" text="向前移2分钟" />
  <Text id="spl_jump_to_2_min_backward" text="向后移2分钟" />
  <Text id="spl_step" text="向前移一帧"/>
  <Text id="spl_min" text=" 分 "/>
  <Text id="spl_sec" text=" 秒"/>
  <Text id="spl_jump_to_1_20th_forward" text="游标前移时间线的1/20" />
  <Text id="spl_jump_to_1_20th_backward" text="游标后移时间线的1/20" />
  <Text id="spl_jump_to_movie_end" text="游标移至时间线末尾处" />
  <Text id="spl_jump_to_movie_start" text="游标移至时间线开始处" />
  <Text id="spl_select_next_marker" text="选取下一标记点" />
  <Text id="spl_select_previous_marker" text="选取上一标记点" />
  <Text id="spl_select_slider_cursor" text="选取游标所在标记点区段" />
  <Text id="spl_frame_accuracy_smart_mode" text="帧间精准度(智能模式)(&amp;F)" />
  <Text id="spl_obey_sample_times" text="同步流采样(&amp;O)" />
  <Text id="spl_ignore_trimming_errors" text="忽略剪切时出现的错误(&amp;I)" />
  <Text id="spl_slider_k_frame_positioning" text="游标跟随关键帧(&amp;S)" />
  <Text id="spl_markers_k_frame_positioning" text="标记点跟随关键帧(&amp;M)" />
  <Text id="spl_join_manager" text="合并任务管理器" />
  <Text id="spl_history_list" text="操作记录列表" />
  <Text id="spl_index_mpeg_file" text="索引MPEG文件" />
  <Text id="spl_index_mpeg_files_from_playlist" text="从播放列表中标志MPEG文件"/>
  <Text id="spl_show_preview_filters" text="显示预览滤镜" />
  <Text id="spl_time_calculator" text="时间计算器" />
  <Text id="spl_start_stop_time_tasks" text="在选定的文件中设置开始/结束点"/>
  <Text id="spl_shift_trimming_intervals" text="修改截取片段长度设置"/>
  <Text id="spl_increasestart" text="增加开始时间 (取代原设置):"/>
  <Text id="spl_decreasestop" text="提早结束点 (取代原设置):"/>
  <Text id="spl_explore_folder" text="浏览文件夹" />
  <Text id="spl_preferences" text="首选项" />
  <Text id="spl_show_batch_manager" text="显示管理器窗口" />
  <Text id="spl_add_task_to_batch_queue" text="添加输出文件任务到批处理队列" />
  <Text id="spl_automatically_set_output_file_name" text="自动设置输出文件名" />
  <Text id="spl_update_task" text="更新管理器列表任务" />
  <Text id="spl_load_join_list" text="加载合并列表(&amp;L)" />
  <Text id="spl_save_join_list_as" text="將加入清單另存為..." />
  <Text id="spl_save_join_list" text="合并列表另存为(&amp;S)" />
  <Text id="spl_show_join_manager" text="显示管理器窗口" />
  <Text id="spl_join_manager_toolbar" text="合并任务管理器浮动条" />
  <Text id="spl_input_folder" text="输入文件夹" />
  <Text id="spl_output_folder" text="输出文件夹" />
  <Text id="spl_input" text="输入文件" />
  <Text id="spl_output" text="输出文件" />
  <Text id="spl_help_topics" text="帮助主题(&amp;H)" />
  <Text id="spl_keyboard_shortcuts" text="快捷键(&amp;K)" />
  <Text id="spl_video_splitter_on_web" text="Video Splitter 所在站点(&amp;V)" />
  <Text id="spl_mnu_register" text="注册软件(&amp;R)" />
  <Text id="spl_check_for_updates" text="检查更新(&amp;C)" />
  <Text id="spl_mnu_about" text="关于 %4(&amp;A)" />
  <Text id="spl_current_position" text="当前位置" />
  <Text id="spl_file_inf" text="名称:" />
  <Text id="spl_duration" text="时长:" />
  <Text id="spl_byte_size" text="大小:" />
  <Text id="spl_video_inf" text="视频格式:" />
  <Text id="spl_audio_inf" text="音频格式:" />
  <Text id="spl_size_info" text="大小:" />
  <Text id="spl_selection" text="被选区段:" />
  <Text id="spl_from" text="开始位置" />
  <Text id="spl_to" text="结束位置" />
  <Text id="spl_keep" text="尚保留" />
  <Text id="spl_cut_out" text="已切除" />
  <Text id="spl_programs" text="程序" />
  <Text id="spl_program_number" text="程序序号" />
  <Text id="spl_prg" text="程序" />
  <Text id="spl_25ms_forward" text="游标前移25ms" />
  <Text id="spl_25ms_backward" text="游标后移25ms" />
  <Text id="spl_1s_forward" text="游标前移1S" />
  <Text id="spl_1s_backward" text="游标后移1S" />
  <Text id="spl_batch_manager" text="批处理任务管理器" />
  <Text id="spl_logging" text="程序运行记录" />
  <Text id="spl_enable_logs" text="启用记录" />
  <Text id="spl_browse_logs" text="浏览记录" />
  <Text id="spl_clear_logs" text="清空记录" />
  <Text id="spl_batch_log" text="记录(&amp;L)" />
  <Text id="spl_smm_web_forum" text="Solveig Multimedia 官方论坛" />
  <Text id="spl_smm_web_page" text="Solveig Multimedia 官方主页" />
  <Text id="spl_splitter_web_page" text="Video Splitter 所在页面" />
  <Text id="spl_index_mpeg_files_in_a_folder" text="索引指定文件夹内的MPEG文件" />
  <Text id="spl_ask_for_support" text="寻求援助" />
  <Text id="spl_online_forum" text="网上论坛" />
  <Text id="spl_online_howto" text="在线指导" />
  <Text id="spl_products_comparision" text="版本比对" />
  <Text id="spl_time_format" text="时间格式类型" />
  <Text id="spl_show_frames" text="显示图像帧缩略图" />
  <Text id="spl_panels" text="面板" />
  <Text id="spl_maps" text="地图" />
  <Text id="spl_show_audiocurve" text="显示音频波形图" />
  <Text id="spl_show_format_switch_warnings" text="开启时间格式切换警告" />
  <Text id="spl_time_and_frames" text="时间及帧 (时:分:秒;帧)" />
  <Text id="spl_time_mode" text="时间 (时:分:秒,毫秒)" />
  <Text id="spl_is_not_licenced" text="此版Video Splitter还未激活！" />
  <Text id="spl_panel_input_output_information" text="输入/输出文件信息面板" />
  <Text id="spl_panel_navigation" text="GPS导航" />
  <Text id="spl_panel_navigation_sensors" text="GPS导航传感器" />
  <Text id="spl_slicing" text="Slicing..."/>
  <Text id="spl_total_proc_time" text="总处理时间" />
  <Text id="spl_mute" text="静音"/>
  <Text id="spl_unmute" text="取消静音"/>
  <Text id="spl_player" text="播放"/>
  <!-- Context menu-->
  <Text id="spl_show_program" text="显示程序窗口" />
  <Text id="spl_show_progress" text="显示任务进程" />
  <Text id="spl_exit_program" text="退出程序" />
  <Text id="spl_delete_selected_fragment" text="删除此区段" />
  <Text id="spl_show_fragment_in_video_splitter" text="在Video Splitter中显示此区段" />
  <Text id="spl_save_selected_fragment_as" text="所选区段另存为" />
  <Text id="spl_add_new_marker" text="添加标记点" />
  <Text id="spl_save_log_as" text="操作记录另存为" />
  <Text id="spl_write_log_file" text="启用实时写入记录" />
  <Text id="spl_copy_log_to_clipboard" text="复制记录到剪贴板" />
  <Text id="spl_hide_log" text="隐藏操作记录窗口" />
  <Text id="spl_clear_log" text="清除操作记录" />
  <Text id="spl_copy_to_clipboard" text="复制到剪贴板" />
  <Text id="spl_past_from_clipboard" text="从剪贴板复制" />
  <Text id="spl_change_dest_file_name" text="更改输出文件名" />
  <Text id="spl_copy_dest_file_name" text="复制输出文件名" />
  <Text id="spl_change_source_file_name" text="更改输入文件名" />
  <Text id="spl_copy_source_file_name" text="复制输入文件名" />
  <Text id="spl_save_task_list_as" text="任务列表另存为" />
  <Text id="spl_save_task_list" text="將批次清單另存為" />
  <Text id="spl_load_task_list" text="加载任务列表" />
  <Text id="spl_open_task_list_in_notepad" text="用记事本打开当前任务列表" />
  <Text id="spl_start_batch_processing" text="开始批处理进程" />
  <Text id="spl_start_batch_processing_for_selected" text="开始所选任务的批处理进程" />
  <Text id="spl_batch_preferences" text="首选项" />
  <Text id="spl_show_log" text="显示操作记录窗口" />
  <Text id="spl_delete_selected_tasks" text="删除所选任务" />
  <Text id="spl_edit_task_with_video_splitter" text="在Video Splitter窗口处理此任务" />
  <Text id="spl_select_all" text="选取所有任务" />
  <Text id="spl_change_selected_tasks_out_folder" text="更改所选任务的输出文件夹" />
  <Text id="spl_audio_selected_tasks" text="对所选任务(文件)执行清除音频轨操作" />
  <Text id="spl_video_selected_tasks" text="对所选任务(文件)执行清除视频轨操作" />
  <Text id="spl_change_file_name" text="更改文件名" />
  <Text id="spl_open_in_video_splitter" text="使用%4打开文件" />
  <Text id="spl_explore_file_folder" text="查看文件夹"/>
  <Text id="spl_start_processing" text="开始操作"/>
  <Text id="spl_browse_file" text="查看影音文件" />
  <Text id="spl_make_screenshot" text="截屏" />
  <Text id="spl_browse_screenshot" text="浏览截屏图片" />
  <Text id="spl_delete_file_from_timeline" text="删除文件"/>
  <Text id="spl_delete_all_files_from_timeline" text="删除所有文件"/>
  <Text id="spl_medialib_add_media_files" text="增加文件"/>
  <Text id="spl_medialib_index_files" text="标记文件"/>
  <Text id="spl_flipvideohorizontally" text="水平翻转视频"/>
  <!-- Edit menu-->
  <Text id="spl_edit_menu_cut" text="剪切"/>
  <Text id="spl_edit_menu_copy" text="复制"/>
  <Text id="spl_edit_menu_paste" text="粘贴"/>
  <Text id="spl_edit_menu_selectall" text="选择全部"/>
  <!-- Button captions-->
  <Text id="spl_inv" text="取反" />
  <Text id="spl_save" text="保存"/>
  <Text id="spl_browse_output" text="浏览导出文件"/>
  <Text id="spl_register" text="注册" />
  <Text id="spl_later" text="以后激活" />
  <Text id="spl_start" text="开始" />
  <Text id="spl_increment_value" text="递增值" />
  <Text id="spl_decrement_value" text="递减值" />
  <Text id="spl_google_maps" text="Google地图" />
  <Text id="spl_yandex_maps" text="Yandex地图" />
  <Text id="spl_baidu_maps" text="Baidu地图" />
  <Text id="spl_front_camera" text="前置相机"/>
  <Text id="spl_rear_camera" text="后置相机"/>
  <Text id="spl_enter_fullscreen" text="全屏"/>
  <Text id="spl_leave_fullscreen" text="退出全屏模式"/>
  <Text id="spl_add_marker_begin" text="添加开始标记"/>
  <Text id="spl_add_marker_end" text="添加结束标记"/>
  <Text id="spl_marker_keep" text="保留"/>
  <Text id="spl_marker_cut" text="剪切"/>
  <Text id="spl_browse_output_final" text="浏览导出文件"/>
  <!-- About-->
  <Text id="spl_about" text="关于" />
  <Text id="spl_version" text="版本:" />
  <Text id="spl_web_site_title" text="Solveig Multimedia 站点" />
  <Text id="spl_hc_web_site_title" text="HyperCam 站点"/>
  <Text id="spl_all_rights_reserved" text="版权所有"/>
  <Text id="spl_copyright" text="版权"/>
  <Text id="spl_check_update" text="检查更新" />
  <Text id="spl_copy_version_info" text="复制版本信息" />
  <Text id="spl_installation_version" text="安装版本:" />
  <Text id="spl_status" text="激活状态:" />
  <!-- AudioListCtrl-->
  <Text id="spl_source_file" text="输入文件" />
  <Text id="spl_dest_file" text="输出文件" />
  <Text id="spl_fragments" text="含区段数" />
  <Text id="spl_full_time" text="文件时长" />
  <Text id="spl_start_time" text="开始时间" />
  <Text id="spl_end_time" text="结束时间" />
  <Text id="spl_audio" text="音频编码" />
  <Text id="spl_samples_per_sec" text="采样率/秒" />
  <Text id="spl_mode" text="声道类型" />
  <Text id="spl_bitrate" text="总编码率" />
  <Text id="spl_video" text="视频编码" />
  <Text id="spl_width" text="图像宽度" />
  <Text id="spl_height" text="图像高度" />
  <Text id="spl_vcodecprivatedata" text="预设编码" />
  <Text id="spl_video_streams_count" text="视频流数量" />
  <Text id="spl_video_stream_num" text="视频流序号" />
  <Text id="spl_audio_streams_count" text="音频流数量" />
  <Text id="spl_audio_stream_num" text="音频流序号" />
  <Text id="spl_text_streams_count" text="文本流数量" />
  <Text id="spl_text_stream_num" text="文本流序号" />
  <Text id="spl_text" text="文本" />
  <Text id="spl_type" text="文件格式" />
  <Text id="spl_yes" text="是" />
  <Text id="spl_yestoall" text="全部确认"/>
  <Text id="spl_no" text="否" />
  <Text id="spl_size" text="大小" />
  <Text id="spl_time" text="时间" />
  <Text id="spl_none" text="无" />
  <Text id="spl_not_used" text="[未使用]" />
  <Text id="spl_copy_output_filename" text="复制输出文件名" />
  <Text id="spl_copy_soutce_filename" text="复制输入文件名" />
  <Text id="spl_add_file" text="添加影音文件" />
  <Text id="spl_delete_selected_items" text="删除所选条目" />
  <Text id="spl_clear_list" text="清空列表" />
  <Text id="spl_start_joining" text="开始合并" />
  <Text id="spl_move_up" text="条目上移" />
  <Text id="spl_move_down" text="条目下移" />
  <Text id="spl_error" text="错误" />
  <Text id="spl_err_no_disk_space" text="磁盘上没有足够的可用空间!"/>
  <Text id="spl_delete_all_cnfm" text="要删除列表中的所有条目吗?" />
  <Text id="spl_joiner_list" text="合并任务管理器器列表" />
  <!-- Join Manager dialog-->
  <Text id="spl_wr_no_media_files_found_for_join" text="未找到用于合并操作的媒体文件!"/>
  <Text id="spl_wr_joiner_manager" text="合并任务管理器警告" />
  <Text id="spl_err_invalid_folder" text="指定了无效文件夹!" />
  <Text id="spl_err_video_edit_engine" text="SolveigMM Video 编辑引擎错误" />
  <Text id="spl_add_media_files" text="添加影音文件" />
  <Text id="spl_delete_selected" text="删除选取条目" />
  <Text id="spl_move_selected_up" text="上移选取条目" />
  <Text id="spl_move_selected_down" text="下移选取条目" />
  <Text id="spl_set_output_file_name" text="设置输出文件名" />
  <Text id="spl_add_folder" text="添加文件夹" />
  <Text id="spl_wr_joining_projects" text="合并任务列表文件" />
  <Text id="spl_default_joining_prj_file_name" text="合并任务列表" />
  <Text id="spl_save_joining_prj_dlg_title" text="合并项目另存为" />
  <Text id="spl_wr_file_exists" text="以下文件已经存在:\n&quot;" />
  <Text id="spl_wr_overwrite_question" text="&quot;\n\n要覆盖此文件吗? " />
  <Text id="spl_err_invalid_project_file" text="无效项目文件." />
  <Text id="spl_err_non_joining_task" text="项目文件包含空合并任务." />
  <Text id="spl_err_different_formats" text="某些音频流或视频流含有不同\n 格式类型(详情可查看 '音频格式','视频格式'条目信息), 或\n同一格式类型但含不匹配参数!\n\n合并操作将被取消!" />
  <Text id="spl_wr_different_parameters" text="某些选取的轨道含有不相同参数!\n播放输出文件时可能会出现一些问题.\n	要继续吗? " />
  <Text id="spl_joined" text="合并" />
  <Text id="spl_choose_file_name_dlg_title" text="设置合并后的输出文件名称" />
  <Text id="spl_wr_browse_output_question" text="要查看输出文件夹吗?" />
  <Text id="spl_wr_choose_media_folder" text="选择包含影音文件的文件夹" />
  <Text id="spl_cant_render_read_howto_link" text="请查看如何来修复此问题"/>
  <Text id="spl_mn_open_dst_file_in_spl" text="用Splitter打开输出文件" />
  <Text id="spl_mn_open_src_file_in_spl" text="用Splitter打开输入文件" />
  <Text id="spl_err_different_pl_parameters" text="文件含有不相同同参数! 播放输出文件时可能会出现问题." />
  <Text id="spl_err_incompatible_parameters" text="不同格式类型或同一格式类型但含不匹配参数的文件(详情可查看 '音频格式','视频格式'或'文件格式类型' 等条目信息)将不能够合并!" />
  <Text id="spl_unmatch_timeline_content_information" text="有些视频文件未能读取\n因为GPS定位数据与现在时间线不匹配。"/>
  <Text id="spl_unmatch_timeline_second_camera_content_information" text="有些视频文件未能读取\n因为后置摄像头的片段与相应的前置摄像头的片段长度不匹配"/>
  <Text id="spl_unmatch_list_content_information" text="有些视频文件未能读取\n因为加载的文件格式和设定文件格式要求不匹配"/>
  <!-- Join Manager Toolbar dialog-->
  <Text id="spl_hide_join_manager" text="隐藏合并任务管理器" />
  <Text id="spl_cancel_joining" text="取消合并" />
  <!-- Preferences dialog-->
  <Text id="spl_preferences_dlg_title" text="首选项" />
  <Text id="spl_profile_name" text="配置文件名" />
  <Text id="spl_ok" text="确定" />
  <Text id="spl_cancel" text="取消" />
  <Text id="spl_save" text="保存" />
  <Text id="spl_dontsave" text="不保存"/>
  <Text id="spl_import_settings_from_file" text="从文件导入设定" />
  <Text id="spl_export_settings_to_file" text="将设定导出到文件" />
  <Text id="spl_reset_to_defaults" text="恢复至默认" />
  <Text id="spl_hotkey_attached_to" text="此热键已被设定" />
  <Text id="spl_clear_old_horkey" text="清除旧的热键设置?" />
  <Text id="spl_configuration" text="配置" />
  <Text id="spl_preferences_files" text="首选项文件" />
  <Text id="spl_hk_tools_batchmanager" text="工具->批处理任务管理器" />
  <Text id="spl_hk_tools" text="工具"/>
  <Text id="spl_hk_preferences" text="首选项"/>
  <!-- Filter Information dialog-->
  <Text id="spl_version_info" text="版本:" />
  <Text id="spl_state_info" text="状态:" />
  <Text id="spl_path_info" text="路径:" />
  <Text id="spl_not_registered" text="未注册" />
  <Text id="spl_registered" text="已注册" />
  <!-- History List dialog-->
  <Text id="spl_history_list_dialog_title" text="操作记录列表" />
  <Text id="spl_history_begin" text="操作记录起始处" />
  <Text id="spl_move_to_position" text="移动到指定位置" />
  <Text id="spl_move_to_refresh" text="刷新" />
  <Text id="spl_clear_history" text="清除操作记录" />
  <Text id="spl_act_clear_all_markers" text="清除所有标记点" />
  <Text id="spl_act_keep_fragment" text="保留所选区段" />
  <Text id="spl_act_cut_out_fragment" text="切除所选区段" />
  <Text id="spl_act_invert_time_line_fragments" text="取反区段属性" />
  <Text id="spl_act_slider_k_frame_positioning_check" text="勾选[游标跟随关键帧]" />
  <Text id="spl_act_slider_k_frame_positioning_uncheck" text="取消[游标跟随关键帧]" />
  <Text id="spl_act_markers_k_frame_positioning_check" text="勾选[标记点跟随关键帧]" />
  <Text id="spl_act_markers_k_frame_positioning_uncheck" text="取消[标记点跟随关键帧]" />
  <Text id="spl_act_add_marker" text="添加标记点操作" />
  <Text id="spl_act_add_marker_and_invert" text="添加标记+反转片段"/>
  <Text id="spl_act_move_marker" text="移动标记点" />
  <!-- HotKeys dialog-->
  <Text id="spl_hotkeys" text="热键" />
  <Text id="spl_hot_key_settings" text="热键设定" />
  <Text id="spl_hot_key_desc" text="热键作为运行应用程序操作的快捷键使用" />
  <Text id="spl_current_profile" text="当前配置:" />
  <Text id="spl_save_as" text="另存为" />
  <Text id="spl_remove" text="移除" />
  <Text id="spl_action" text="操作" />
  <Text id="spl_hotkey" text="热键" />
  <Text id="spl_set" text="设置" />
  <Text id="spl_clear" text="清除" />
  <Text id="spl_restore_default" text="恢复默认" />
  <Text id="spl_default_profile" text="默认" />
  <Text id="spl_wr_change_default_profile" text="选择的配置文件是默认的，不能被修改.\n 要备份一套此配置文件吗?" />
  <Text id="spl_err_cannot_register_hotkey" text="不能关联热键" />
  <Text id="spl_err_profile_name_exists" text="此配置文件名称已存在" />
  <Text id="spl_err_delete_default_profile" text="不能删除默认配置" />
  <Text id="spl_err_invalid_interval" text="片段长度设置設定不正确。请修改并重试！"/>
  <Text id="spl_wr_delete_frofile" text="配置将被删除." />
  <Text id="spl_delete_frofile" text="删除配置" />
  <Text id="spl_file_operations" text="文件操作" />
  <Text id="spl_hk_open_media_file" text="打开影音文件" />
  <Text id="spl_hk_save_media_file_as" text="影音文件另存为" />
  <Text id="spl_hk_load_project" text="加载项目" />
  <Text id="spl_hk_save_project_as" text="项目另存为" />
  <Text id="spl_hk_save_project" text="保存项目"/>
  <Text id="spl_hk_load_task_list" text="加载批处理列表" />
  <Text id="spl_hk_save_task_list_as" text="批处理列表另存为"/>
  <Text id="spl_hk_save_task_list" text="保存批处理列表" />
  <Text id="spl_hk_play_pause" text="播放/暂停" />
  <Text id="spl_hk_calc_dest_file_size" text="计算输出文件大小" />
  <Text id="spl_ctrl" text="Ctrl键 "/>
  <Text id="spl_shift" text="Shift键"/>
  <Text id="spl_alt" text="Alt键"/>
  <Text id="spl_tab" text="Tab键"/>
  <Text id="spl_hk_pause" text="Pause键 "/>
  <Text id="spl_capslock" text="Caps Lock键"/>
  <Text id="spl_space" text="Space键"/>
  <Text id="spl_end" text="End键"/>
  <Text id="spl_home" text="Home键 "/>
  <Text id="spl_left" text="向左键"/>
  <Text id="spl_up" text="向上键"/>
  <Text id="spl_right" text="向右键"/>
  <Text id="spl_down" text="向下键"/>
  <Text id="spl_print" text="打印键"/>
  <Text id="spl_printscreen" text="Print Screen 键"/>
  <Text id="spl_insert" text="Insert 键"/>
  <Text id="spl_delete" text="Delete 键"/>
  <Text id="spl_num0" text="号码 0键"/>
  <Text id="spl_num1" text="号码 1键"/>
  <Text id="spl_num2" text="号码 2键"/>
  <Text id="spl_num3" text="号码 3键"/>
  <Text id="spl_num4" text="号码 4键"/>
  <Text id="spl_num5" text="号码 5键"/>
  <Text id="spl_num6" text="号码 6键"/>
  <Text id="spl_num7" text="号码 7键"/>
  <Text id="spl_num8" text="号码 8键"/>
  <Text id="spl_num9" text="号码 9键"/>
  <Text id="spl_nummult" text="* 键"/>
  <Text id="spl_numdiv" text="/ 键"/>
  <Text id="spl_numadd" text="+ 键"/>
  <Text id="spl_numsubst" text="- 键"/>
  <Text id="spl_numdel" text="Num Delete键"/>
  <Text id="spl_f1" text="F1键"/>
  <Text id="spl_f2" text="F2键"/>
  <Text id="spl_f3" text="F3键"/>
  <Text id="spl_f4" text="F4键"/>
  <Text id="spl_f5" text="F5键"/>
  <Text id="spl_f6" text="F6键"/>
  <Text id="spl_f7" text="F7键"/>
  <Text id="spl_f8" text="F8键"/>
  <Text id="spl_f9" text="F9键"/>
  <Text id="spl_f10" text="F10键"/>
  <Text id="spl_f11" text="F11键"/>
  <Text id="spl_f12" text="F12键"/>
  <Text id="spl_numlock" text="Num Lock键 "/>
  <Text id="spl_scrolllock" text="Scroll Lock键"/>
  <Text id="spl_pageup" text="Page up键"/>
  <Text id="spl_pagedown" text="Page down键"/>
  <!-- Indexer dialog-->
  <Text id="spl_question_use_index" text="已发现影音文件的索引. 现在要使用它吗?" />
  <Text id="spl_question_reindex" text="要重新索引影音文件吗?" />
  <Text id="spl_question_indexer" text="影音文件还没有做索引. 现在要索引该文件吗?" />
  <Text id="spl_question_indexer_mpeg2" text="已发现MPEG2格式文件的索引. 现在要使用它吗?" />
  <Text id="spl_wr_indexer_output_file" text="请选取文件夹用以保存重新无损抽取的影音文件" />
  <Text id="spl_index_initial_file" text="正在索引原始影音文件, 已完成" />
  <Text id="spl_index_by_remuxing" text="正在对影音文件进行无损抽取操作, 已完成" />
  <!-- Information dialog-->
  <Text id="spl_info_unregistered" text="You are evaluating unregistered copy of HyperCam."/>
  <Text id="spl_wr_register" text="请注册您的软件." />
  <Text id="spl_hc_page" text="HyperCam page"/>
  <Text id="spl_buynow" text="现在购买" />
  <Text id="spl_activate" text="现在激活" />
  <Text id="spl_wr_21_day_evaluation" text="此版本是%d天试用版本." />
  <Text id="spl_wr_evaluation_expired" text="试用版过期，请购买许可证继续使用这个程序。" />
  <Text id="spl_wr_please_contact_us" text="如果您有任何疑问,\n可随时通过以下邮箱联系我们" />
  <Text id="spl_thanks" text="非常感谢您选择\n%4" />
  <Text id="spl_for_a_new_version_visit" text="要获得此软件的更新版本,请访问以下网站" />
  <Text id="spl_wr_daysLeft" text="评估剩余天数:" />
  <Text id="spl_quit" text="退出" />
  <Text id="spl_trial_version_allows_launch" text="此试用版本仅允许您启动三次." />
  <Text id="spl_leftlaunches" text="剩余启动次数:" />
  <Text id="spl_for_futher_using" text="为了能更进一步使用此软件，您必须进行激活或重启软件操作." />
  <Text id="spl_eval_restrictions" text="Evaluation restrictions:"/>
  <Text id="spl_eval_watermark" text="Watermark on reencoded parts"/>
  <Text id="spl_eval_result_duration" text="Maximum result duration is limited to 30 minutes"/>
  <Text id="spl_eval_slicing_list_size" text="Slicing input list size is limited to 5 files"/>
  <Text id="spl_eval_operation_number" text="It is allowed to launch operations 3 times only"/>
  <!-- Open source & set target file dialogs-->
  <Text id="spl_dont_index_now" text="现在不做索引." />
  <Text id="spl_dont_start_now" text="现在先不输出文件, 而是要将此次任务添加到批处理队列中" />
  <Text id="spl_save_all_keep" text="保存所有视频"/>
  <Text id="spl_save_all_cut" text="保存所有剪辑视频"/>
  <Text id="spl_save_options" text="保存:"/>
  <Text id="spl_other_options" text="其他选项:"/>
  <!-- Progress dialog-->
  <Text id="spl_hide" text="隐藏" />
  <Text id="spl_status_calc_file_size" text="正在计算影音文件大小" />
  <Text id="spl_status_indexing_source_file" text="正在对输入文件进行索引操作, 已完成" />
  <Text id="spl_status_remuxing_source_file" text="正在对输入文件进行无损抽取操作, 已完成" />
  <Text id="spl_status_joining_files" text="正在执行合并任务, 已完成" />
  <Text id="spl_status_splitting" text="正在执行剪切任务, 已完成" />
  <Text id="spl_status_indexing_sequence" text="正在索引序列，请稍候" />
  <Text id="spl_status_validating_source_file" text="正在分析输入文件的有效性，请稍后..." />
  <Text id="spl_status_analyzing_source_file" text="正在分析媒体文件..."/>
  <Text id="spl_status_processing_task" text="当前任务序号-" />
  <Text id="spl_status_processing_file" text="正在处理的文件 -"/>
  <Text id="spl_status_writing_file" text="写入文件序号" />
  <Text id="spl_status_split_into_fragments" text="正在剪切区段..."/>
  <Text id="spl_status_elapsed_time" text="已用时间" />
  <Text id="spl_status_left_time" text="剩余时间" />
  <Text id="spl_status_more_details" text="更多详情" />
  <Text id="spl_status_fewer_details" text="较少详情" />
  <Text id="spl_batch_list" text="批处理列表"/>
  <!-- Show Filter Info dialog-->
  <Text id="spl_show_filters_info_dlg_title" text="Direct Show预览滤镜" />
  <Text id="spl_properties" text="属性" />
  <Text id="spl_copy_all" text="复制所有内容" />
  <Text id="spl_save_all" text="保存所有内容" />
  <Text id="spl_name" text="名称" />
  <Text id="spl_path" text="路径" />
  <Text id="spl_copy_all_to_clipboard" text="复制所有内容到剪贴板" />
  <Text id="spl_save_all_as" text="另存为" />
  <Text id="spl_text_documents" text="文本文档" />
  <Text id="spl_filters" text="滤镜" />
  <Text id="spl_err_cant_create_file" text="不能创建文件" />
  <Text id="spl_err_cant_write_file" text="不能写入文件" />
  <Text id="spl_err_cant_create_directory" text="不能创建文件夹"/>

  <!-- Ask Before Trim dialog-->
  <Text id="spl_task_video_splitter_trimming" text="单步任务执行" />
  <Text id="spl_task_batch_processing" text="批处理队列执行" />
  <Text id="spl_question_start" text="要开始操作吗?" />
  <Text id="spl_task_count" text="批处理队列中的任务数: %d." />
  <!-- CDialogSplitByTimeSizeParts-->
  <Text id="spl_split_tsp_title" text="分割"/>
  <Text id="spl_split_tsp_files" text="檔案："/>
  <Text id="spl_split_tsp_slicingopts" text="Slicing options"/>
  <Text id="spl_split_tsp_split_project" text="分割当前项目"/>
  <Text id="spl_split_tsp_split_file" text="分割整个文件"/>
  <Text id="spl_split_tsp_duration" text="时长(h:min:s)"/>
  <Text id="spl_split_tsp_size" text="大小"/>
  <Text id="spl_split_tsp_by_duration" text="按时长"/>
  <Text id="spl_split_tsp_by_size" text="按大小"/>
  <Text id="spl_split_tsp_into_equal_parts" text="分割等分数"/>
  <Text id="spl_split_tsp_size_gb" text="GB"/>
  <Text id="spl_split_tsp_size_mb" text="MB"/>
  <Text id="spl_split_tsp_size_kb" text="KB"/>
  <Text id="spl_split_tsp_size_b" text="字节"/>
  <Text id="spl_split_tsp_size_gb_short" text="GB"/>
  <Text id="spl_split_tsp_size_mb_short" text="MB"/>
  <Text id="spl_split_tsp_size_kb_short" text="KB"/>
  <Text id="spl_split_tsp_size_b_short" text="B"/>
  <Text id="spl_split_tsp_time_should_be_more_than_zero" text="时间值必须大于0!"/>
  <Text id="spl_split_tsp_size_should_be_more_than_zero" text="大小值必须大于0!"/>
  <Text id="spl_split_tsp_drop_files" text="[拖拽文件到此]"/>
  <Text id="spl_split_tsp_add" text="添加"/>
  <Text id="spl_split_tsp_remove" text="移除"/>
  <Text id="spl_split_tsp_move_up" text="上移"/>
  <Text id="spl_split_tsp_move_down" text="下移"/>
  <Text id="spl_split_tsp_remove_all" text="移除所有"/>
  <Text id="spl_split_tsp_slicing_limit" text="试用版本中可用于分割的输入文件数量被限定为为5个"/>
  <Text id="spl_split_tsp_size_cd" text="CD - 700 Mb"/>
  <Text id="spl_split_tsp_size_dvd" text="DVD - 4,7 Gb"/>
  <Text id="spl_split_tsp_size_bd" text="BD(mini 8 cm) - 7,8 Gb"/>
  <Text id="spl_split_tsp_min" text="分钟"/>
  <Text id="spl_split_tsp_browse_output_question" text="您要查看输出文件吗?"/>
  <!-- Dialog Recover Project Files-->
  <Text id="spl_pfr_files" text="可用的檔案："/>
  <Text id="spl_pfr_title" text="项目檔案復原"/>
  <Text id="spl_pfr_has_recovered" text="Video Splitter 已還原下列檔案："/>
  <Text id="spl_pfr_save_to_keep" text="儲存您要保留的檔案"/>
  <Text id="spl_pfr_menu_open" text="開啟"/>
  <Text id="spl_pfr_last_project" text="上個_项目"/>
  <Text id="spl_pfr_deletebackupproject" text="是否要刪除備份项目？"/>
  <Text id="spl_pfr_deletebackupprojects" text="是否要刪除備份项目？"/>
  <!-- Dialog Stream Selection-->
  <Text id="spl_streamselection" text="选取媒体流..."/>
  <Text id="spl_stream_selection_please_select" text="请选取媒体流以用于预览和剪切..."/>
  <Text id="spl_stream_selection_please_select_trimm" text="请选取媒体流以用于剪切..."/>
  <Text id="spl_stream_selection_tracks" text="称号"/>
  <Text id="spl_stream_selection_programs" text="计划"/>
  <Text id="spl_stream_selection_video" text="视频 Video"/>
  <Text id="spl_stream_selection_audio" text="音频 Audio"/>
  <Text id="spl_stream_selection_text" text="文字"/>
  <Text id="spl_stream_selection_external" text="外部"/>
  <Text id="spl_stream_selection_program" text="计划 #"/>
  <Text id="spl_stream_selection_ed_stream_preview" text="启用/禁用媒体流预览"/>
  <Text id="spl_stream_selection_ed_stream_editing" text="启用/禁用媒体流编辑"/>
  <Text id="spl_stream_selection_ed_program_preview" text="启用/禁用程序预览"/>
  <Text id="spl_stream_selection_ed_program_editing" text="启用/禁用程序编辑"/>
  <Text id="spl_stream_selection_size" text="大小"/>
  <Text id="spl_stream_selection_fps" text="帧速率fps"/>
  <Text id="spl_stream_selection_sample_rate" text="采样率"/>
  <Text id="spl_stream_selection_channels" text="频道 Channels"/>
  <Text id="spl_stream_selection_edit_onlyvideo" text="仅编辑视频"/>
  <Text id="spl_stream_selection_edit_onlyaudio" text="仅编辑音频"/>
  <Text id="spl_stream_selection_edit_onlytext" text="仅编辑文本"/>

  <!-- Dialog Saving Screenshot complete -->
  <Text id="spl_ssc_success" text="儲存螢幕擷取畫面已成功完成！"/>
  <!--Do not change the %spl_browse_screenshot text-->
  <Text id="spl_ssc_please_use" text="請使用 '%spl_browse_screenshot' 按鈕來開啟螢幕擷取畫面資料夾"/>
  <Text id="spl_ssc_open_screenshots_folder_offer" text="是否要立即開啟螢幕擷取畫面資料夾？"/>
  <!-- Import EDL dialog -->
  <Text id="spl_select_frame_rate" text="请选择帧速率"/>
  <Text id="spl_select" text="选择"/>
  <Text id="spl_edl_contains_background_layer" text="EDL contains background layer that will be ignored"/>
  
  <!-- Main frame-->
  <Text id="spl_wr_joining_task_is_in_progress" text="合并任务已在进行中.\n 要终止合并进程并退出程序吗?" />
  <Text id="spl_info" text="组件信息" />
  <Text id="spl_fragments_to_be_kept" text="尚保留区段" />
  <Text id="spl_size_btn_capt" text="取大小" />
  <Text id="spl_save_all_fragmets_dlg_capt" text="另存为; 文件将追加数字编号" />
  <Text id="spl_evaluation" text="试用版本" />
  <Text id="spl_evaluation_expired" text="试用到期" />
  <Text id="spl_click_size_button" text="点击获取文件大小按钮" />
  <Text id="spl_languages" text="语种" />
  <!-- File types-->
  <Text id="spl_all_files" text="所有文件" />
  <Text id="spl_audio_only_files" text="仅列音频文件" />
  <Text id="spl_text_only_files" text="纯文本"/>
  <Text id="spl_all_media_files" text="所有影音文件" />
  <Text id="spl_media_files" text="影音文件" />
  <Text id="spl_video_files" text="视频文件" />
  <Text id="spl_audio_files" text="音频文件" />
  <Text id="spl_windows_media_files" text="WMV/WMA文件" />
  <Text id="spl_avi_files" text="AVI文件" />
  <Text id="spl_asf_files" text="ASF文件" />
  <Text id="spl_wm_asf_files" text="WM/ASF文件" />
  <Text id="spl_wma_files" text="WMA文件" />
  <Text id="spl_wave_audio_files" text="WAV音频文件" />
  <Text id="spl_mpeg_audio_files" text="MPEG音频文件" />
  <Text id="spl_mpeg_1_files" text="MPEG-1文件" />
  <Text id="spl_mpeg_1_elementary_video_files" text="基本MPEG-1视频文件" />
  <Text id="spl_mpeg_2_files" text="MPEG-2文件" />
  <Text id="spl_mpeg_2_index_files" text="MPEG-2格式文件的索引文件 " />
  <Text id="spl_mpeg_2_program_stream_files" text="MPEG-2规程流文件" />
  <Text id="spl_mpeg_2_transport_stream_files" text="MPEG-2传输流文件" />
  <Text id="spl_mpeg_2_elementary_video_files" text="基本MPEG-2视频文件" />
  <Text id="spl_avchd_files" text="AVCHD文件" />
  <Text id="spl_project_files" text="项目文件" />
  <Text id="spl_task_list_files" text="批处理任务列表文件" />
  <Text id="spl_cue_files" text="CUE文件" />
  <Text id="spl_splitter_project_files" text="Video Splitter项目文件" />
  <Text id="spl_log_file" text="记录文件" />
  <Text id="spl_mpeg2_index_files" text="带索引的MPEG2文件" />
  <Text id="spl_waveform_audio" text="WAV文件" />
  <Text id="spl_mpeg_audio" text="MPEG音频文件" />
  <Text id="spl_windows_media_audio" text="WMA文件" />
  <Text id="spl_batch_list_files" text="批处理列表文件" />
  <Text id="spl_join_list_files" text="合并列表文件" />
  <Text id="spl_mp4_files" text="MP4文件"/>
  <Text id="spl_matroska_files" text="Matroska文件"/>
  <Text id="spl_webm_files" text="WebM文件"/>
  <Text id="spl_flv_files" text="FLV文件"/>
  <!-- Icon notifications-->
  <Text id="spl_trim_finished" text="剪切任务完成." />
  <Text id="spl_trim_process_finished" text="剪切操作完成." />
  <Text id="spl_started_task" text="开始的任务" />
  <Text id="spl_result_file_name" text="输出文件的名称:" />
  <Text id="spl_starting_trim_process" text="开始剪切进程" />
  <Text id="spl_dropping_temporary_file" text="舍弃临时文件" />
  <Text id="spl_write_failed" text="写入操作失败." />
  <Text id="spl_trim_process_stopped" text="剪切操作停止" />
  <Text id="spl_err_parsing_src_file" text="解析输入影音文件时发生错误!" />
  <Text id="spl_trimming" text="正在剪切中" />
  <Text id="spl_canceled_by_user" text="用户取消了操作." />
  <Text id="spl_clips_list_is_empty" text="区段列表为空" />
  <Text id="spl_pressed_exit_button" text="按退出按钮" />
  <Text id="spl_exiting" text="退出" />
  <Text id="spl_processing_here" text="程序在此继续执行中" />
  <Text id="spl_progress_information" text="任务进度信息显示如下:" />
  <Text id="spl_current_task" text="当前任务进度:" />
  <Text id="spl_write_a_file_number" text="追加影音文件编号" />
  <Text id="spl_total_progress" text="总任务进度:" />
  <Text id="spl_processing_task" text="当前任务序号:" />
  <Text id="spl_total_tasks" text="任务总数:" />
  <!-- Messages-->
  <Text id="spl_save_changes_to_project_question" text="是否要儲存對目前项目所作的變更？"/>
  <Text id="spl_save_changes_to_batch_question" text="是否要儲存對目前 XTL 批次清單所作的變更？"/>
  <Text id="spl_save_changes_to_joinlist_question" text="是否要儲存對目前加入清單所作的變更？"/>
  <Text id="spl_wr_components_are_not_found" text="以下组件是程序必需的，但未在系统中找到:" />
  <Text id="spl_reinstalling_fix_the_problem" text="重新安装程序可以修复此问题." />
  <Text id="spl_err_cant_open_mpeg2_index_file" text="不能打开带索引的 MPEG2文件" />
  <Text id="spl_err_could_not_open_file" text="不能打开影音文件" />
  <Text id="spl_err_error" text="错误" />
  <Text id="spl_err__error" text="错误" />
  <Text id="spl_err_cant_get_file_size" text="不能获取影音文件大小" />
  <Text id="spl_err_is_not_supported" text="是不支持或已损坏的" />
  <Text id="spl_files_not_supported_or_damaged" text="某些文件不支持或损坏。"/>
  <Text id="spl_err_cant_get_source_file_length" text="不能获取输入文件的时间长度" />
  <Text id="spl_wr_src_file_not_set" text="源影音文件还未确定" />
  <Text id="spl_exclamation_warning" text="警告!" />
  <Text id="spl_wr_already_exists" text="已经存在" />
  <Text id="spl_question_replace" text="要替换它吗?" />
  <Text id="spl_path_doesnt_exist" text="指定路径不存在.\n 要创建此路径吗?" />
  <Text id="spl_err_no_interval" text="请选择至少一个要保留的区段.\n要获得更多信息请查阅帮助文件." />
  <Text id="spl_err_no_stream" text="请选择至少一个媒体流" />
  <Text id="spl_err_cant_start_trim" text="不能开始剪切进程" />
  <Text id="spl_trimming_process_has_been_finished" text="剪切任务已完成." />
  <Text id="spl_joining_process_has_been_finished" text="合并操作已完成." />
  <Text id="spl_slicing_process_has_been_finished" text="分割操作已完成." />
  <Text id="spl_batch_process_has_been_finished" text="批处理操作已完成." />
  <Text id="spl_question_index_file_now" text="关键帧定位在没有MPEG索引的情况下将是无效的.\n请通过帧操作 (CTRL+向右箭头, CTRL+向左箭头) 替换或索引输入文件,之后再使用定位.\n\n现在要索引文件吗?" />
  <Text id="spl_err_drm_protection" text="WMV/WMA 文件受DRM保护且此版软件不支持这一格式" />
  <Text id="spl_err_no_time_interval" text="不存在设置好的时间段" />
  <Text id="spl_warning" text="警告" />
  <Text id="spl_question_update_task" text="现在是否要更新任务-" />
  <Text id="spl_question_save_task" text="任务列表还没保存. 现在要保存吗?" />
  <Text id="spl_question_open_selected_task" text="要打开选定任务吗?" />
  <Text id="spl_question_exit" text="即将要终止任务并退出程序.\n确定吗?" />
  <Text id="spl_wr_no_stream" text="应该选择至少一个媒体流" />
  <Text id="spl_warn_audio_format" text="音频格式:" />
  <Text id="spl_warn_audio_silence_is_not_supported" text="音轨静默特性暂不支持当前音频格式!" />
  <Text id="spl_question_value_in_new_program" text="要在影音文件开始时就设定此选项吗 ?\n不推荐做这一操作." />
  <Text id="spl_will_be_overwrited" text="将要被覆盖" />
  <Text id="spl_question_change_destination_file_name" text="要更改输出文件的名称吗?" />
  <Text id="spl_err_dst_is_equal_to_src" text="输出文件名称与输入文件名称相同." />
  <Text id="spl_err_src_file_cant_be_set" text="不能设定输入文件" />
  <Text id="spl_err_dst_file_cant_be_set" text="不能设定输出文件" />
  <Text id="spl_save_current_fragment_as" text="当前区段另存为" />
  <Text id="spl_wr_update_is_available" text="有更新.  现在要获取更多信息吗?" />
  <Text id="spl_err_index_file_cant_be_set" text="不能设置索引文件" />
  <Text id="spl_err_write_project_file" text="不能写入项目文件" />
  <Text id="spl_err_open_project_file" text="不能打开项目文件" />
  <Text id="spl_err_empty_project_file" text="项目文件是空的" />
  <Text id="spl_err_read_project_file" text="读取项目文件时发生错误" />
  <Text id="spl_wr_no_src_file" text="未发现要输入影音文件"/>
  <Text id="spl_question_choose_manually" text="要手动选取它吗?"/>
  <Text id="spl_wr_invalid_output_file_in_project" text="在项目中发现无效的输出文件. 此文件将被忽略." />
  <Text id="spl_wr_unable_to_find_folder_specified_in_project" text="不能在当前项目中找到指定的文件夹."/>
  <Text id="spl_wr_do_you_want_to_create_it" text="您要创建它吗?"/>
  <Text id="spl_question_save_fragments_marked_as_cut_off" text="将要保存所有区段.\n某些区段已被标记为'切除'区段.\n\n也要保存这些区段[被标记为'切除'区段]吗?" />
  <Text id="spl_err_no_intervals_selected1" text="未有区段被选择.\n\n开始和停止处的标记点在相同的位置上." />
  <Text id="spl_err_registry_error" text="注册错误" />
  <Text id="spl_err_open_index_file" text="不能打开索引文件" />
  <Text id="spl_err_read_index_file" text="不能读取索引文件" />
  <Text id="spl_err_open_index_file_for_list" text="在此文件列表中不能打开一个或多个索引文件" />
  <Text id="spl_err_index_file_is_not_opened" text="索引文件没有被打开" />
  <Text id="spl_err_cant_render_video_stream" text="不能渲染视频流" />
  <Text id="spl_err_cant_render_audio_stream" text="不能渲染音频流" />
  <Text id="spl_err_no_codecs" text="未发现必需编码器"/>
  <Text id="spl_register_code_has_been_accepted" text="授权码正确.  感谢您的注册!" />
  <Text id="spl_is_now_fully_functional" text="现在是完整功能版本了" />
  <Text id="spl_enter_code_here" text="在此输入授权码" />
  <Text id="spl_incorrect_register_code" text="此授权码是错误的.  请检查后再次输入." />
  <Text id="spl_err_load_failed" text="加载失败." />
  <Text id="spl_err_task_list_load_failed" text="不能加载任务列表" />
  <Text id="spl_tasks_loaded_from" text="任务从以下文件中加载:" />
  <Text id="spl_tasks_saved_into" text="任务保存到以下文件中:" />
  <Text id="spl_wr_output_file_name_matches_with_the_list_task" text="刚设置的输出文件名称与管理器列表中的任务" />
  <Text id="spl_file_name" text="的输出文件重名." />
  <Text id="spl_question_rename" text="要现在就重命名此文件吗?" />
  <Text id="spl_question_save_changes_into" text="要将变更保存到以下位置吗?" />
  <Text id="spl_question_before_opening" text="在打开前操作吗?" />
  <Text id="spl_wr_append_files" text="某些文件不能被追加到此列表中.\n\n原因可能是这些文件的格式类型是不被支持的!" />
  <Text id="spl_wr_set_destination1" text="以下文件名称将被设定为输出文件名称:" />
  <Text id="spl_wr_set_destination2" text="想要将此文件名在当前合并项目中设定为输出文件名吗?" />
  <Text id="spl_wr_choose_output_file_name" text="在保存合并项目前, 建议您设置一个输出文件名.\n当然, 您也可以跳过此步操作!" />
  <Text id="spl_err_indexing_process_cant_be_completed" text="索引进程不能被完成" />
  <Text id="spl_err_remuxing_failed" text="抽取失败, 媒体文件已损坏!" />
  <Text id="spl_err_no_intervals_selected2" text="未有区段被选择!\n\n请选择至少一个要保留的区段." />
  <Text id="spl_wrn_join_managet_warning" text="合并任务管理器警告" />
  <Text id="spl_restartapp_to_take_effect" text="请重启软件以便设置生效" />
  <Text id="spl_indexing_process_has_been_finished" text="索引进程已结束."/>
  <Text id="spl_no_file_for_index_found" text="没有发现要索引的新文件!"/>
  <Text id="spl_index_deprecated" text="索引文件无效."/>
  <Text id="spl_reindex_question" text="要重新索引文件吗?"/>
  <Text id="spl_cantcreatefile" text="SolveigMM Video Splitter不能创建此文件:"/>
  <Text id="spl_diskfull" text="可能是硬盘已满, 或已处于写保护状态, 或已损坏."/>
  <Text id="spl_choosepath" text="请选择其他文件路径."/>
  <Text id="spl_wr_unable_to_display_map" text="不能显示地图！"/>
  <Text id="spl_wr_no_internet_connection" text="没有互联网接入！"/>
  <Text id="spl_wr_no_gps_data_found" text="没有发现GPS数据！"/>
  <Text id="spl_wr_check_ie_settings" text="检查IE浏览器设置"/>
  <Text id="spl_loaded_file_corrupted" text="入文件已损坏，剪切后的文件将有可能也是损坏的！"/>
  <Text id="spl_media_consist_of_one_frame" text="視訊包含一個畫格"/>
  <Text id="spl_trimming_impossible" text="無法修剪"/>
  <Text id="spl_question_operation_supported_in_business_version" text="此操作仅在商业版本中支持。"/>
  <Text id="spl_question_try_in_business_splitter" text="你想试用Video Splitter商业版吗?"/>
  <Text id="spl_cannot_enable_ha" text="无法启用硬件加速"/>
  <Text id="spl_cannot_disable_ha" text="无法禁用硬件加速"/>
  <Text id="spl_ha_enabled" text="启用硬件加速"/>
  <Text id="spl_ha_disabled" text="硬件加速被禁用"/>
  <Text id="spl_msg_reset_to_defaults" text="重置为默认設定。"/>
  <Text id="spl_msg_interlaced_file" text="剪裁文件設定错误。\n在某些播放机中，修剪文件播放可能会出现问题。"/>
  <!--the full text is "Try in SolveigMM Video Splitter". it is divided in 2 parts-->
  <Text id="spl_btn_try_in_splitter_try" text="进入和试用"/>
  <Text id="spl_btn_try_in_splitter_spl" text="SolveigMM Video Splitter"/>
  <!-- Log-->
  <Text id="spl_log_error" text=" : [错误] : " />
  <Text id="spl_log_starting" text=" : [开始] : " />
  <Text id="spl_log_finished" text=" : [完成] : " />
  <Text id="spl_log_warning" text=" : [警告] : " />
  <Text id="spl_log_cleared" text="记录已清除." />
  <Text id="spl_log_noname" text="未命名" />
  <Text id="spl_log" text="记录(&amp;L)" />
  <Text id="spl_runtimelog" text="运行库记录" />
  <Text id="spl_log_created_at" text="在以下内容中创建:" />
  <!-- Task list control-->
  <Text id="spl_tl_num" text="任务序号" />
  <Text id="spl_tl_task_type" text="Type"/>
  <Text id="spl_tl_source_file" text="输入文件名" />
  <Text id="spl_tl_interval" text="间隔"/>
  <Text id="spl_tl_dest_file" text="输出文件名" />
  <Text id="spl_tl_fragments_count" text="含区段数量" />
  <Text id="spl_tl_full_time" text="总时间长度" />
  <Text id="spl_tl_audio_stream" text="音频流数量" />
  <Text id="spl_tl_video_stream" text="视频流数量" />
  <Text id="spl_tl_obey_sampeles_times" text="同步流采样" />
  <Text id="spl_tl_full_parsing" text="全部参数解析" />
  <Text id="spl_tl_accuracy" text="剪切模式" />
  <Text id="spl_tl_error" text="错误" />
  <Text id="spl_tl_none" text="无" />
  <Text id="spl_tl_all" text="所有"/>
  <Text id="spl_tl_gop" text="GOP" />
  <Text id="spl_tl_frame" text="帧" />
  <Text id="spl_tl_yes" text="是" />
  <Text id="spl_tl_no" text="否" />
  <Text id="spl_tl_size" text="大小" />
  <Text id="spl_tl_time" text="时间长度" />
  <Text id="spl_tl_not_used" text="[未使用]" />
  <Text id="spl_tl_noname" text="未命名" />
  <Text id="spl_tl_type_trimming" text="剪切"/>
  <Text id="spl_tl_type_autosplit" text="分割"/>
  <Text id="spl_tl_type_indexation" text="索引"/>
  <!-- Media library delete files confirm dlt -->
<Text id="spl_confirm_delete_file_on_timeline_question" text="所选媒体文件正在使用中。\n取消所有时间表列表吗？"/>
<Text id="spl_confirm_delete_file_on_timeline_check" text="如果所选媒体文件正在使用中,请确认删除该文件。"/>
  <!-- Updates dialog-->
  <Text id="spl_upd_dlg_caption" text="版本信息:" />
  <Text id="spl_visit_us_on_the_web" text="通过此站点参观我们" />
  <Text id="spl_product_download_link" text="产品下载链接" />
  <Text id="spl_product_remind_me" text="通过右侧的天数间隔再次提醒我更新软件" />
  <Text id="spl_h1_latest_version" text="您使用的是最新版本." />
  <Text id="spl_h2_latest_version" text="当前版本:" />
  <Text id="spl_h1_new_release" text="新版本是 %s" />
  <Text id="spl_h2_new_release" text="版本 %s 已经发布了." />
  <Text id="spl_err_update" text="检查更新时发生错误" />
  <Text id="spl_1_day" text="1 天" />
  <Text id="spl_3_days" text="3 天" />
  <Text id="spl_7_days" text="7 天" />
  <Text id="spl_15_days" text="15 天" />
  <Text id="spl_never" text="永不" />
  <Text id="spl_upd_dlg_upgrade_info_caption" text="升级信息" />
  <Text id="spl_upd_dlg_upgrade_info" text="您将要下载适用下一个主要版本的升级." />
  <Text id="spl_upd_dlg_upgrade_policy" text="适用下一个主要版本产品的升级策略" />
  <Text id="spl_upd_dlg_upgrade_acknowledged" text="已确认" />
  <Text id="spl_upd_dlg_continue" text="继续" />
  <Text id="spl_upd_dlg_cancel" text="取消" />
  <!-- Time switch dialog-->
  <Text id="spl_dtm_warning" text="警告!" />
  <Text id="spl_dtm_displayed_format_willbechanged" text="显示的时间格式将被改变！" />
  <Text id="spl_dtm_from" text="从" />
  <Text id="spl_dtm_to" text="到" />
  <Text id="spl_time_mode_timeframes_mask" text="(时:分:秒;帧)" />
  <Text id="spl_time_mode_time_mask" text="(时:分:秒,毫秒)" />
  <Text id="spl_time_mode_time10ms_mask" text="(时:分:秒:十毫秒)"/>
  <Text id="spl_time_mode_timeframes" text="时间及帧" />
  <Text id="spl_time_mode_time" text="时间" />
  <Text id="spl_time_mode_time10ms" text="时间单位为数十毫秒"/>
  <Text id="spl_dtm_to_change_time_format" text="更换可用的时间格式类型" />
  <Text id="spl_dtm_dontshow" text="不再显示此信息" />
  <!-- Final message dialog-->
  <Text id="spl_final_file_saved" text="已保存!"/>
  <Text id="spl_final_total_time_processing" text="总处理时间： "/>
  <Text id="spl_final_duration" text="文件时长: "/>
  <Text id="spl_final_size" text="文件大小: "/>
  <!-- CDialogApplyProjSettingsWarn-->
  <Text id="spl_apsw_option_is_enabled" text="此选项已启用:"/>
  <!-- Registration dialog-->
  <Text id="spl_wr_enter_yourkey" text="请输入授权码:" />
  <Text id="spl_copypaste_recommended" text="(推荐使用【复制/粘贴】操作)"/>
  <Text id="spl_wr_activation_failed" text="很抱歉, 激活没有成功! 请核实您的授权码是否正确，之后再次尝试激活！"/>
  <Text id="spl_wr_activation_success" text="非常感谢您的支持! 此产品已激活成功."/>
  <!-- Save file dialog-->
  <Text id="spl_save_video_track_only" text="只保存视频轨" />
  <Text id="spl_save_audio_track_only" text="只保存音频轨" />
  <!-- Smart trimming-->
  <Text id="spl_default_trimm_accuracy" text="默认裁剪精度:"/>
  <Text id="spl_default_trimm_accuracy_frame" text="帧"/>
  <Text id="spl_default_trimm_accuracy_gop" text="GOP(关键帧)"/>
  <Text id="spl_available_encoders_and_decoders" text="可用编码器 / 解码器" />
  <Text id="spl_preferred_codecs" text="预设编码器" />
  <Text id="spl_clear_forced" text="清空列表" />
  <Text id="spl_move_up_forced" text="上移" />
  <Text id="spl_move_down_forced" text="下移" />
  <Text id="spl_delete_selected_forced" text="删除所选" />
  <Text id="spl_copy_info_to_clipboard" text="复制信息到剪贴板" />
  <Text id="spl_show_filters_for_current_format" text="显示当前文件格式的滤镜" />
  <Text id="spl_chosen_codecs" text="被选取编码器:" />
  <Text id="spl_force_selected" text="强制选取" />
  <Text id="spl_show_properties" text="显示内容属性" />
  <Text id="spl_err_apropriate_decoder_not_found" text="程序未发现合适的解码器." />
  <Text id="spl_err_apropriate_encoder_not_found" text="程序未发现合适的编码器." />
  <Text id="spl_err_system_configuration_inappropriate_for_trimming" text="抱歉，想要正确进行剪切操作，系统配置不合适." />
  <Text id="spl_err_windows_media_runtime_11_is_required" text="此文件格式要求系统拥有Windows Media Runtime 11.\n您可以通过播放器升级到WMP 11来获得它." />
  <Text id="spl_err_compatible_decoder_encoder_not_found" text="程序未发现兼容的编/解码器." />
  <Text id="spl_err_smart_trimming_is_not_possible_for_video_format" text="此视频格式类型不能使用帧间精准度剪切模式(智能模式)." />
  <Text id="spl_err_trimming_in_gop_mode" text="剪切操作将被置于GOP(关键帧)模式下." />
  <Text id="spl_err_would_you_like_to_open_preferences_window" text="要打开参数设置窗口查看滤镜设置项吗?" />
  <Text id="spl_media_mismatch_avc_spec" text="視訊與 AVC 規範不相符"/>
  <Text id="spl_level_to_low" text="目前的畫格解析度和 fps 對於指定的級別過高"/>
  <Text id="spl_fa_level_changed" text="將變更級別以獲得畫格精度 (智慧模式)"/>

  <!-- Audio WaveForm Settings-->
  <Text id="spl_audio_curve" text="音轨波形图" />
  <Text id="spl_follow_slider_curve_constructed" text="滑块所到处即时生成波形图"/>
  <Text id="spl_peaks_file_path" text="波形文件路径:"/>
  <Text id="spl_peaks_file_path_change" text="更改路径"/>
  <Text id="spl_peaks_file_path_open" text="查看输出路径"/>
  <Text id="spl_peaks_file_path_reset" text="复原默认设置"/>
  <Text id="spl_select_peak_files_path" text="选择波形文件路径"/>
  <Text id="spl_invalid_peak_files_path" text="选择路径无效!"/>
  <Text id="spl_reset_path_question" text="确定要将波形文件路径复原到默认路径吗?"/>
  <Text id="spl_reset_path_question_title" text="复原波形文件路径到默认路径"/>
  <!-- Thumbnails Settings -->
  <Text id="spl_video_thumbnails" text="视频缩略图"/>
  <Text id="spl_hddCache_file_path" text="硬盘HDD缓存路径:"/>
  <Text id="spl_enable_hdd_cache" text="启用硬盘HDD缓存"/>
  <Text id="spl_select_thumbs_files_path" text="选择缩略图文件路径"/>
  <Text id="spl_reset_thumbspath_question" text="确定要将缩略图文件路径重置为默认設定吗？"/>
  <Text id="spl_reset_thumbspath_question_title" text="将缩略图文件路径重置为默认設定"/>

  <!-- Output files mask-->
  <Text id="spl_ouput_files_mask" text="输出文件定制模版" />
  <Text id="spl_ouput_files_settings" text="输出文件設定"/>
  <Text id="spl_mask_output_file_names" text="输出文件名模版定制:" />
  <Text id="spl_mask_reset" text="重置为默认设定"/>
  <Text id="spl_mask_source" text="输入文件名"/>
  <Text id="spl_mask_number" text="输出文件名中添加此类枚举编号(1,2,3...)"/>
  <Text id="spl_mask_number_ext" text="输出文件名中添加此类枚举编号(0001,0002,0003...)"/>
  <Text id="spl_mask_date" text="保存为系统当前日期, 设置模式 (YYYY_MM_DD_hh_mm_ss)"/>
  <Text id="spl_mask_date_ext" text="保存为系统当前日期, 设置定制模式 (YYYYMMDD)"/>
  <Text id="spl_mask_number_ext_daily" text="保存为系统当前日期和时间"/>
  <Text id="spl_mask_sample_file_name" text="文件名称"/>
  <Text id="spl_mask_invalid_format" text="无效的模版格式"/>
  <Text id="spl_mask_name_too_long" text="文件名称太长(指字符串长度)"/>
  <Text id="spl_mask_enable" text="使用输出文件名定制模版"/>
  <Text id="spl_warn_mask_without_enumeration" text="此定制模版中将不包含枚举编号!"/>
  <Text id="spl_warn_continue_question" text="确定要这么设置吗?"/>
  <Text id="spl_mask_customize" text="自定义"/>
  <Text id="spl_mask_output_folder_settings" text="输出文件夹设置"/>
  <Text id="spl_computer_id" text="任何数字键"/>
  <Text id="spl_mask_outfolder_save_where_input" text="保存到输入文件夹"/>
  <Text id="spl_mask_outfolder_save_where_last_saved" text="保存到最后一个输出文件夹"/>
  <Text id="spl_mask_outfolder_save_where_specified" text="保存到指定文件夹"/>
  <!-- View Tab-->
  <Text id="spl_show_media_library" text="显示媒体"/>
  <Text id="spl_display_extended_playlist" text="扩展视图"/>
  <Text id="spl_show_info_panel" text="显示输入/输出文件信息面板"/>
  <Text id="spl_show_splash" text="显示软件闪屏"/>
  <Text id="spl_show_info_item_in_sysmenu" text="在菜单栏显示文件信息条目"/>
  <Text id="spl_show_logo_back_ground" text="在预览窗口背景下显示VS的logo"/>
  <Text id="spl_show_gps_data_panel" text="显示GPS导航面板"/>
  <Text id="spl_show_gps_data_sensors_panel" text="显示GPS导航传感器面板"/>
  <Text id="spl_show_extra_video_wnd" text="对于DVR文件显示额外视图视频窗口"/>
  <Text id="spl_compare_video_mode" text="启用比对视频模式"/>
  <Text id="spl_color_settings" text="文本颜色设定:"/>
  <Text id="spl_color_mb_main_text" text="主'消息框'显示"/>
  <Text id="spl_color_mb_hl_text" text="高亮'消息框'显示"/>
  <Text id="spl_color_file_info_text" text="输入/输出文件信息面板"/>
  <Text id="spl_show_tutorial_wizard" text="显示教程向导"/>
  <Text id="spl_show_final_message" text="显示编辑视频状态"/>
  <Text id="spl_show_filename_on_final_message" text="将输出文件名添加到编辑状态"/>
  <Text id="spl_show_file_position_edit" text="显示文件编辑位置"/>
  <Text id="spl_show_file_length" text="显示文件长度"/>
  <Text id="spl_show_volume_slider" text="显示音量滑块"/>
  <Text id="spl_show_markers_mode_switch" text="显示标记模式切换"/>
  <Text id="spl_show_interval_start_time_edit" text="显示编辑后截取片段的开始时间"/>
  <Text id="spl_show_interval_end_time_edit" text="显示编辑后截取片段的结束时间"/>
  <Text id="spl_show_zoom_slider" text="显示缩放模式"/>
  <Text id="spl_show_next_frame_button" text="显示 '%spl_next_frame' 按钮"/>
  <Text id="spl_show_next_k_frame_button" text="显示 '%spl_next_k_frame' 按钮"/>
  <Text id="spl_show_jump_forward_button" text="显示 'Jump Forward' 按钮"/>
  <Text id="spl_show_play_pause_button" text="显示 '%spl_play' 按钮"/>
  <Text id="spl_show_stop_button" text="显示 '%spl_stop' 按钮"/>
  <Text id="spl_show_previous_frame_button" text="显示 '%spl_previous_frame' 按钮"/>
  <Text id="spl_show_previous_k_frame_button" text="显示 '%spl_previous_k_frame' 按钮"/>
  <Text id="spl_show_jump_backward_button" text="显示 'Jump Backward' 按钮"/>
  <Text id="spl_show_make_screenshot_button" text="显示 '%spl_make_screenshot' 按钮"/>
  <Text id="spl_show_browse_screenshot_button" text="显示 '%spl_browse_screenshot' 按钮"/>
  <Text id="spl_show_thumbnails_button" text="显示'%story_board_on/Off' 按钮"/>
  <Text id="spl_show_audiocurve_button" text="显示 '%audio_curve_on/Off' 按钮"/>
  <Text id="spl_show_add_marker_begin_button" text="显示 '%spl_add_marker_begin' 按钮"/>
  <Text id="spl_show_add_marker_end_button" text="显示 '%spl_add_marker_end' 按钮"/>
  <Text id="spl_show_set_audiosilence_button" text="显示 '%spl_act_set_audio_silence' 按钮"/>
  <Text id="spl_show_save_button" text="显示 '%spl_save' 按钮"/>
  <Text id="spl_show_browse_output_button" text="显示 '%spl_browse_output' 按钮"/>
  
  <!-- Control Tab-->
  <Text id="spl_sync_medialibrary_and_timeline" text="将媒体库列表与时间表列表同步"/>
  <Text id="spl_close_app_after_trimm" text="剪切任务结束后关闭程序"/>
  <Text id="spl_ask_output_file_name" text="剪切操作时询问输出文件是否自定义命名"/>
  <Text id="spl_navigate_to_interlaced_fields" text="对含有AVC视频流的影音文件实行交错扫描" />
  <Text id="spl_padding_on_mpeg_ts_files" text="填充MPEG TS文件" />
  <Text id="spl_index_mpa_files" text="索引MPEG音频文件" />
  <Text id="spl_index_mpeg_files" text="索引MPEG视频文件"/>
  <Text id="spl_keep_proj_settings" text="在同一会话内对所有文件执行保留项目设置(区段, 所选媒体流)" />
  <Text id="spl_dont_add_marker_same_pos" text="在相同位置不重复标记" />
  <Text id="spl_show_warning_apply_proj_settings" text="应用项目设置时显示警告" />
  <Text id="spl_dont_save_recent_files" text="不保存&quot;最近使用的文件&quot;" />
  <Text id="spl_show_message_after_saving_screenshot" text="保存截图后显示消息"/>
  <Text id="spl_autobackup_projects" text="自动保存项目备份"/>
  <Text id="spl_disable_frame_alignment" text="禁用帧对齐"/>
  <Text id="spl_singlethreadmode_mpeg2encoder" text="为MPEG 2编码器启用单线程模式"/>
  <Text id="spl_keep_mpeg_closed_captions" text="将mpeg 2封闭式字幕数据保存在重新编码的帧上。s"/>
  <Text id="spl_keep_mpeg_ts_info" text="保存 MPEG TS PIDs"/>
  <Text id="spl_rtp_hint_tracks" text="RTP hint tracks on MP4 files:"/>
  <Text id="spl_rtp_hint_tracks_writeiforiginal" text="在原始文件中写入"/>
  <Text id="spl_rtp_hint_tracks_writealways" text="总是写入"/>
  <Text id="spl_rtp_hint_tracks_dontwrite" text="不要写入"/>
  <Text id="spl_start_play_after_drop" text="将文件丢弃到时间线后开始回放"/>
  <Text id="spl_stop_play_on_markerstop_placed" text="放置结束标记后停止播放 "/>
  <Text id="spl_use_one_interval_mode" text="使用单间隔模式 "/>
  <Text id="spl_autocopy_to_clipboard_filename_after_trimming" text="截取片段后,将自动复制文件名到剪贴板"/>
  <Text id="spl_launch_new_instance" text="文件保存时使用新文件名"/>
  <Text id="spl_close_after_save" text="保存文件后关闭"/>

  <!-- playback Tab-->
  <Text id="spl_playback_settings" text="回放设置" />
  <Text id="spl_smart_mode_settings" text="智能模式设置" />
  <Text id="spl_video_renderer" text="视频渲染器" />
  <Text id="spl_vr_default" text="默认" />
  <Text id="spl_vr_vmr7" text="VMR-7" />
  <Text id="spl_vr_vmr9" text="VMR-9" />
  <Text id="spl_vr_evr" text="EVR" />
  <Text id="spl_restore_frames_with_errors_avc" text="還原 AVC 視訊上有錯誤的畫格"/>
  <!-- Slicing Tab-->
  <Text id="spl_slicing_pref" text="分割"/>
  <Text id="spl_files_indexation" text="文件索引:"/>
  <Text id="spl_index_files_before_start" text="执行&quot;开始&quot;操作前索引文件"/>
  <Text id="spl_index_files_immediately_after_adding" text="执行添加操作后立即索引文件"/>
  <!-- subtitles Tab -->
  <Text id="spl_subtitles" text="字幕"/>
  <Text id="spl_apply_now" text="立即套用"/>
  <Text id="spl_choose_font" text="選擇字型"/>
  <Text id="spl_override_subtitles_placement" text="覆寫字幕位置"/>
  <Text id="spl_override_subtitles_font" text="覆盖字幕字体"/>
  <Text id="spl_y_postion" text="Y 軸位置(%)"/>
  <Text id="spl_x_postion" text="X 軸位置(%)"/>
  <!-- Gif export Tab -->
  <Text id="spl_gif_export_settings" text="GIF导出設定"/>
  <Text id="spl_gif_frames_count_control" text="幀率設定:"/>
  <Text id="spl_gif_save_equidistant_frames" text="保存同等距离幀率:"/>
  <Text id="spl_gif_frames_count" text="幀率计数"/>
  <Text id="spl_gif_frame_duration" text="幀率长度 (1/100s)"/>
  <Text id="spl_gif_override_fps" text="覆盖原有fps:"/>
  <Text id="spl_gif_fps" text="每秒幀率 (fps)"/>
  <Text id="spl_gif_keep_original_fps" text="保持原始幀率fps"/>
  <!-- medialibrary -->
  <Text id="spl_ml_indexation" text="INDEXATION"/>
  <Text id="spl_ml_cancel" text="取消"/>
  <Text id="spl_medialibrary_drag_1" text=" 拖动媒体文件在此\n或"/>
  <Text id="spl_medialibrary_add_to_media" text=" 将文件添加到\n媒体"/>
  <Text id="spl_medialib_choose" text="选择文件"/>
  <Text id="spl_medialibrary" text="媒体库列表"/>
  <Text id="spl_medialib_simple_view" text="正常视图"/>
  <Text id="spl_medialib_extended_view" text="扩展视图"/>
  <Text id="spl_link_video_file_as_second_camera" text="将视频文件链接为后置摄像头"/>
  <!-- search control-->
  <Text id="spl_search_enter_name" text="输入标题"/>
  <Text id="spl_search" text="搜索"/>
  <!-- maps -->
  <Text id="spl_route" text="路线"/>
  <!-- videoWindow-->
  <Text id="spl_videowindow_files_from_medialib" text="在这里播放媒体的文件"/>

  <!-- SMM Slider Ctrl-->
  <Text id="spl_z_hours" text="小时" />
  <Text id="spl_z_hour" text="时" />
  <Text id="spl_z_minutes" text="分钟" />
  <Text id="spl_z_minute" text="分" />
  <Text id="spl_z_minutes1" text="分钟" />
  <Text id="spl_z_seconds" text="秒钟" />
  <Text id="spl_z_second" text="秒" />
  <Text id="spl_z_milliseconds" text="毫秒钟" />
  <Text id="spl_z_millisecond" text="毫秒" />
  <Text id="spl_z_framemode" text="帧模式" />
  <Text id="spl_z_resetzoom" text="复原缩放" />
  <Text id="story_board_on" text="缩略图展开" />
  <Text id="story_board_off" text="缩略图收起" />
  <Text id="audio_curve_on" text="音轨图展开" />
  <Text id="audio_curve_off" text="音轨图收起" />
  <Text id="drag_files_here" text="打开或拖动文件以进行编辑"/>
  <!-- Compare Video Mode-->
  <Text id="spl_open_media_file" text="開啟媒體檔案"/>
  <Text id="spl_zoom_video_in" text="放大視訊"/>
  <Text id="spl_zoom_video_out" text="縮小視訊"/>
  <Text id="spl_zoom_video_reset" text="重設縮放"/>
  <Text id="spl_click_region_to_zoom" text="按一下視訊的區域以放大"/>
  <Text id="spl_compare_mode_media_file_has_no_video" text="媒體檔案沒有視訊軌，可以在此模式下載入！"/>
  <!-- Wizard -->
  <Text id="spl_wiz_next" text="下一个"/>
  <Text id="spl_wiz_back" text="回放"/>
  <Text id="spl_wiz_finish" text="结束"/>
  <Text id="spl_wiz_cancel" text="跳过"/>
  <Text id="spl_wizard_show_on_start" text="启动显示"/>
  <Text id="spl_wizard_new_splitter" text="更新换代的%4!"/>
  <Text id="spl_wizard_medialib" text="使用全新的个媒体软件可以同时处理多个媒体文件"/>
  <Text id="spl_wizard_medialib_add" text=" 使用拖放或添加按钮将文件添加到编辑区域"/>
  <Text id="spl_wizard_modes" text="可以使用两种操作模式: &quot;剪切 (&#x2716;)&quot; 使用移动开始和结束标记, 把所选片段从文件中删除,\n &quot;保留 (&#x2714;)&quot; 使用移动开始和结束标记, 把所选片段保存, 其他以外片段从文件中删除"/>
  <Text id="spl_wizard_cut_check" text="默认 &quot;剪切&quot;模式"/>
  <Text id="spl_wizard_preview_res" text="在保存 &quot;剪切&quot; 片段之前预览。\n通过双击开始和结束标记扩大截取片段长度。"/>
  <Text id="spl_wizard_collapse_check" text="开始和结束标记为截取片段的片段长度"/>
  <Text id="spl_wizard_sync" text="为了加快同时处理多个媒体文件的速度，请設定添加媒体文件時自动放置在时间线上."/>
  <Text id="spl_wizard_sync_check" text="将多媒体清单与时间线上的文件同步"/>
  <!--Special version-->
  <Text id="spl_valid_until" text="许可证有效期至2018年12月15日"/>
  <Text id="spl_spec_version_expired" text="此特别版本已过期"/>
  <Text id="spl_spec_version_expired_1" text="请访问Solveig Multimedia网站\n购买完整版本."/>
  <Text id="spl_buy_full" text="购买完整版"/>
  <Text id="spl_files_not_supported_or_damaged_1" text="This is a special version that only supports\nMP4 files with AVC/H.264 video."/>
  <!-- editing engine messages -->
  <Text id="IDS_STR_MSG_DESTINATION_FILE_HAS_NOT_BEEN_SET" text="输出文件还未设定" />
  <Text id="IDS_STR_MSG_INPUT_FILE_HAS_NOT_BEEN_SET_PROPERLY_OR_DAMAGED" text="输入文件还未选定或已损坏" />
  <Text id="spl_err_invalid_data_c00d002f" text="遇到無效或損毀的資料"/>
  <!-- Collect Email dialog -->
  <Text id="spl_collect_email_offers" text="Favorable offers and discounts\nare waiting for you!"/>
  <Text id="spl_collect_email_subscribe" text="Write down your email to be in touch!"/>
  <Text id="spl_collect_email_usubscribe" text="You can unsubscribe at any time"/>
  <Text id="spl_subscribe" text="Subscribe"/>
  <Text id="spl_collect_email_fill_email" text="Please fill out the email address field correctly!"/>
  <Text id="spl_collect_email_invaild_format" text="Invalid e-mail format!"/>
  <Text id="spl_collect_email_failed" text="Subscription Failed!"/>
  <Text id="spl_collect_email_nointernet" text="No internet connection!"/>
</XMLLang>

