<?xml version="1.0" encoding="UTF-8"?>
<XMLLang id="0" language="English" version="1.0">
  <!-- Main menu-->
  <Text id="spl_file" text="File"/>
  <Text id="spl_edit" text="Edit"/>
  <Text id="spl_view" text="View"/>
  <Text id="spl_zoom" text="Zoom"/>
  <Text id="spl_navigation" text="Navigation"/>
  <Text id="spl_control" text="Control"/>
  <Text id="spl_tools" text="Tools"/>
  <Text id="spl_help" text="Help"/>
  <Text id="spl_open_file" text="Open Media File..."/>
  <Text id="spl_add_media_file" text="Add Media Files..."/>
  <Text id="spl_save_file_as" text="Save Media File As..."/>
  <Text id="spl_save_all_fragments_as" text="Save All Fragments As..."/>
  <Text id="spl_close" text="Close"/>
  <Text id="spl_load_project" text="Load Project..."/>
  <Text id="spl_save_project_as" text="Save Project As..."/>
  <Text id="spl_save_project" text="Save Project"/>
  <Text id="spl_import" text="Import EDL..."/>
  <Text id="spl_load_batch_list" text="Load Batch List..."/>
  <Text id="spl_save_batch_list_as" text="Save Batch List As..."/>
  <Text id="spl_save_batch_list" text="Save Batch List"/>
  <Text id="spl_recent_file" text="Recent Files"/>
  <Text id="spl_clear_recent_history" text="Clear History"/>
  <Text id="spl_clear_recent_history_question" text="Are you sure you want to clear recent file list?"/>
  <Text id="spl_exit" text="Exit"/>
  <Text id="spl_undo" text="Undo"/>
  <Text id="spl_redo" text="Redo"/>
  <Text id="spl_stop" text="Stop"/>
  <Text id="spl_play" text="Play"/>
  <Text id="spl_pause" text="Pause"/>
  <Text id="spl_add_marker" text="Add &amp;Marker"/>
  <Text id="spl_delete_marker" text="Remove Marker(s)"/>
  <Text id="spl_delete_marker_or_markers" text="Remove a marker or markers of selected fragment"/>
  <Text id="spl_keep_fragment" text="Keep &amp;Selected Fragment"/>
  <Text id="spl_cut_out_fragment" text="Cut Out Selecte&amp;d Fragment"/>
  <Text id="spl_cut_out_prev_fragment" text="Cut Out Previous Fragment"/>
  <Text id="spl_clear_all_markers" text="&amp;Clear All Markers"/>
  <Text id="spl_invert_time_line_fragments" text="&amp;Invert Time Line Fragments"/>
  <Text id="spl_act_set_audio_silence" text="Set Audio Silence"/>
  <Text id="spl_act_set_audio_silence_off" text="Set audio silence off"/>
  <Text id="spl_calc_destination_file_size" text="Calculate Destination &amp;File Size"/>
  <Text id="spl_split_into_fragmets_outputdlg_capt" text="Save files as; Files will be numbered..."/>
  <Text id="spl_start_trimming" text="Save..."/>
  <Text id="spl_move_scaled_area_right" text="Move Scaled Area Right"/>
  <Text id="spl_move_scaled_area_left" text="Move Scaled Area Left"/>
  <Text id="spl_move_zoom_in" text="Zoom In"/>
  <Text id="spl_move_zoom_out" text="Zoom Out"/>
  <Text id="spl_maximize_zoom" text="Maximize Zoom"/>
  <Text id="spl_reset_zoom" text="Reset Zoom"/>
  <Text id="spl_next_k_frame" text="Next K Frame"/>
  <Text id="spl_previous_k_frame" text="Previous K Frame"/>
  <Text id="spl_next_frame" text="Next Frame"/>
  <Text id="spl_previous_frame" text="Previous Frame"/>
  <Text id="spl_jump_to_2_min_forward" text="Jump Forward To "/>
  <Text id="spl_jump_to_2_min_backward" text="Jump Backward To "/>
  <Text id="spl_step" text="Step"/>
  <Text id="spl_min" text=" min. "/>
  <Text id="spl_sec" text=" sec."/>
  <Text id="spl_jump_to_1_20th_forward" text="Jump 1/20th Forward"/>
  <Text id="spl_jump_to_1_20th_backward" text="Jump 1/20th Backward"/>
  <Text id="spl_jump_to_movie_end" text="Jump to Movie End"/>
  <Text id="spl_jump_to_movie_start" text="Jump to Movie Start"/>
  <Text id="spl_select_next_marker" text="Select Next Marker"/>
  <Text id="spl_select_previous_marker" text="Select Previous Marker"/>
  <Text id="spl_select_slider_cursor" text="Select Slider Cursor"/>
  <Text id="spl_frame_accuracy_smart_mode" text="Frame Accuracy (Smart Mode)"/>
  <Text id="spl_obey_sample_times" text="Obey Sample Times"/>
  <Text id="spl_ignore_trimming_errors" text="Ignore Trimming Errors"/>
  <Text id="spl_slider_k_frame_positioning" text="Slider K-Frame Positioning"/>
  <Text id="spl_markers_k_frame_positioning" text="Markers K-Frame Positioning"/>
  <Text id="spl_join_manager" text="Join Manager"/>
  <Text id="spl_history_list" text="History List"/>
  <Text id="spl_index_mpeg_file" text="Index MPEG File"/>
  <Text id="spl_index_mpeg_files_from_playlist" text="Index MPEG Files from Media list"/>
  <Text id="spl_show_preview_filters" text="Show Preview Filters"/>
  <Text id="spl_time_calculator" text="Time Calculator"/>
  <Text id="spl_start_stop_time_tasks" text="Set Start/Stop Time on Selected Tasks(s)"/> 
  <Text id="spl_shift_trimming_intervals" text="Shift Trimming Intervals"/>
  <Text id="spl_increasestart" text="Increase start time (offset):"/>
  <Text id="spl_decreasestop" text="Decrease stop time (offset):"/>
  <Text id="spl_explore_folder" text="Explore Folder"/>
  <Text id="spl_preferences" text="Preferences..."/>
  <Text id="spl_show_batch_manager" text="Show Batch Manager"/>
  <Text id="spl_add_task_to_batch_queue" text="Add Task To Batch Queue"/>
  <Text id="spl_automatically_set_output_file_name" text="Automatically set output file name"/>
  <Text id="spl_update_task" text="Update Task"/>
  <Text id="spl_load_join_list" text="Load Join List..."/>
  <Text id="spl_save_join_list_as" text="Save Join List As..."/>
  <Text id="spl_save_join_list" text="Save Join List"/>
  <Text id="spl_show_join_manager" text="Show Join Manager"/>
  <Text id="spl_join_manager_toolbar" text="Join Manager Toolbar"/>
  <Text id="spl_input_folder" text="Input"/>
  <Text id="spl_output_folder" text="Output"/>
  <Text id="spl_input" text="Input"/>
  <Text id="spl_output" text="Output"/>
  <Text id="spl_help_topics" text="Help Topics..."/>
  <Text id="spl_keyboard_shortcuts" text="Keyboard Shortcuts"/>
  <Text id="spl_video_splitter_on_web" text="Video Splitter on the Web"/>
  <Text id="spl_mnu_register" text="Register..."/>
  <Text id="spl_check_for_updates" text="Check for updates..."/>
  <Text id="spl_mnu_about" text="About %4"/>
  <Text id="spl_current_position" text="Current Position"/>
  <Text id="spl_file_inf" text="File:"/>
  <Text id="spl_duration" text="Duration:"/>
  <Text id="spl_byte_size" text="Byte size:"/>
  <Text id="spl_video_inf" text="Video:"/>
  <Text id="spl_audio_inf" text="Audio:"/>
  <Text id="spl_size_info" text="Size:"/>
  <Text id="spl_selection" text="Selection:"/>
  <Text id="spl_from" text="from"/>
  <Text id="spl_to" text="to"/>
  <Text id="spl_keep" text="keep"/>
  <Text id="spl_cut_out" text="cut out"/>
  <Text id="spl_programs" text="Programs"/>
  <Text id="spl_program_number" text="Program #"/>
  <Text id="spl_prg" text="Prg."/>
  <Text id="spl_25ms_forward" text="25 Milliseconds Forward"/>
  <Text id="spl_25ms_backward" text="25 Milliseconds Backward"/>
  <Text id="spl_1s_forward" text="1 Second Forward"/>
  <Text id="spl_1s_backward" text="1 Second Backward"/>
  <Text id="spl_batch_manager" text="Batch Manager"/>
  <Text id="spl_logging" text="Logging"/>
  <Text id="spl_enable_logs" text="Enable Logs"/>
  <Text id="spl_browse_logs" text="Browse Logs"/>
  <Text id="spl_clear_logs" text="Clear Logs"/>
  <Text id="spl_batch_log" text="Log"/>
  <Text id="spl_smm_web_forum" text="Solveig Multimedia Web Forum"/>
  <Text id="spl_smm_web_page" text="Solveig Multimedia Web Page"/>
  <Text id="spl_splitter_web_page" text="Video Splitter Web Page"/>
  <Text id="spl_index_mpeg_files_in_a_folder" text="Index MPEG files in a folder..."/>
  <Text id="spl_ask_for_support" text="Ask for Support"/>
  <Text id="spl_online_forum" text="Online Forum"/>
  <Text id="spl_online_howto" text="Online HowTo"/>
  <Text id="spl_products_comparision" text="Products Comparison"/>
  <Text id="spl_time_format" text="Time format"/>
  <Text id="spl_show_frames" text="Show frames thumbnails"/>
  <Text id="spl_panels" text="Panels"/>
  <Text id="spl_maps" text="Maps"/>
  <Text id="spl_show_audiocurve" text="Show audio waveform"/>
  <Text id="spl_show_format_switch_warnings" text="Show time format switch warnings"/>
  <Text id="spl_time_and_frames" text="Time and frames (h:min:s;frame)"/>
  <Text id="spl_time_mode" text="Time (h:min:s,ms)"/>
  <Text id="spl_is_not_licenced" text="Video Splitter is not licensed"/>
  <Text id="spl_panel_input_output_information" text="Input/Output information"/>
  <Text id="spl_panel_navigation" text="GPS navigation"/>
  <Text id="spl_panel_navigation_sensors" text="GPS navigation sensors"/>
  <Text id="spl_slicing" text="Slicing..."/>
  <Text id="spl_total_proc_time" text="Total processing time"/>
  <Text id="spl_mute" text="Mute"/>
  <Text id="spl_unmute" text="Unmute"/>
  <Text id="spl_player" text="Player"/>
  <!-- Context menu-->
  <Text id="spl_show_program" text="Show Program"/>
  <Text id="spl_show_progress" text="Show Progress"/>
  <Text id="spl_exit_program" text="Exit Program"/>
  <Text id="spl_delete_selected_fragment" text="Delete Selected Fragment"/>
  <Text id="spl_show_fragment_in_video_splitter" text="Show the Fragment in Video Splitter"/>
  <Text id="spl_save_selected_fragment_as" text="Save Selected Fragment As..."/>
  <Text id="spl_add_new_marker" text="Add New &amp;Marker"/>
  <Text id="spl_save_log_as" text="Save Log As..."/>
  <Text id="spl_write_log_file" text="Write Log File..."/>
  <Text id="spl_copy_log_to_clipboard" text="Copy Log To Clipboard"/>
  <Text id="spl_hide_log" text="Hide Log"/>
  <Text id="spl_clear_log" text="Clear Log"/>
  <Text id="spl_copy_to_clipboard" text="Copy To Clipboard"/>
  <Text id="spl_past_from_clipboard" text="Paste From Clipboard"/>
  <Text id="spl_change_dest_file_name" text="Change Dest File Name..."/>
  <Text id="spl_copy_dest_file_name" text="Copy Dest File Name"/>
  <Text id="spl_change_source_file_name" text="Change Source File Name..."/>
  <Text id="spl_copy_source_file_name" text="Copy Source File Name"/>
  <Text id="spl_save_task_list_as" text="Save Batch List As..."/>
  <Text id="spl_save_task_list" text="Save Batch List"/>
  <Text id="spl_load_task_list" text="Load Batch List..."/>
  <Text id="spl_open_task_list_in_notepad" text="Open Batch List in Notepad"/>
  <Text id="spl_start_batch_processing" text="Start Batch Processing"/>
  <Text id="spl_start_batch_processing_for_selected" text="Start Batch Processing For Selected Task(s)"/>
  <Text id="spl_batch_preferences" text="Preferences"/>
  <Text id="spl_show_log" text="Show Log"/>
  <Text id="spl_delete_selected_tasks" text="Delete Selected Task(s)"/>
  <Text id="spl_edit_task_with_video_splitter" text="Edit Task with Video Splitter"/>
  <Text id="spl_select_all" text="Select All"/>
  <Text id="spl_change_selected_tasks_out_folder" text="Change Selected Task(s) Out Folder" />
  <Text id="spl_audio_selected_tasks" text="Disable audio on selected task(s)"/>
  <Text id="spl_video_selected_tasks" text="Disable video on selected task(s)"/>
  <Text id="spl_change_file_name" text="Change File Name..."/>
  <Text id="spl_open_in_video_splitter" text="Open In %4"/>
  <Text id="spl_explore_file_folder" text="Explore File Folder"/>
  <Text id="spl_start_processing" text="Start Processing"/>
  <Text id="spl_browse_file" text="Browse File"/>
  <Text id="spl_make_screenshot" text="Get screenshot"/>
  <Text id="spl_browse_screenshot" text="Browse screenshots"/>
  <Text id="spl_delete_file_from_timeline" text="Delete Current Media"/>
  <Text id="spl_delete_all_files_from_timeline" text="Delete All Media"/>
  <Text id="spl_medialib_add_media_files" text="Add Media Files"/>
  <Text id="spl_medialib_index_files" text="Index Selected Files"/>
  <Text id="spl_flipvideohorizontally" text="Flip Video Horizontally"/>
  <!-- Edit menu-->
  <Text id="spl_edit_menu_cut" text="Cut"/>
  <Text id="spl_edit_menu_copy" text="Copy"/>
  <Text id="spl_edit_menu_paste" text="Paste"/>
  <Text id="spl_edit_menu_selectall" text="Select All"/>
  <!-- Button captions-->
  <Text id="spl_inv" text="Inv"/>
  <Text id="spl_save" text="Save"/>
  <Text id="spl_browse_output" text="Browse output file(s)"/>
  <Text id="spl_register" text="Register"/>
  <Text id="spl_later" text="Later"/>
  <Text id="spl_start" text="Start"/>
  <Text id="spl_increment_value" text="Increment Value"/>
  <Text id="spl_decrement_value" text="Decrement Value"/>
  <Text id="spl_google_maps" text="Google maps"/>
  <Text id="spl_yandex_maps" text="Yandex maps"/>
  <Text id="spl_baidu_maps" text="Baidu maps" />
  <Text id="spl_front_camera" text="Front camera"/>
  <Text id="spl_rear_camera" text="Rear camera"/>
  <Text id="spl_enter_fullscreen" text="View full screen"/>
  <Text id="spl_leave_fullscreen" text="Exit full-screen mode"/>
  <Text id="spl_rotatevideo_right" text="Rotate video 90 degrees clockwise"/>
  <Text id="spl_rotatevideo_left" text="Rotate video 90 degrees counterclockwise"/>
  <Text id="spl_mirror_video_hor" text="Flip video horizontally"/>
  <Text id="spl_picture_mapipulation" text="video manipulation options"/>
  <Text id="spl_enter_fullscreen" text="View full screen"/>
  <Text id="spl_enter_fullscreen" text="View full screen"/>
  <Text id="spl_add_marker_begin" text="Add Begin Marker"/>
  <Text id="spl_add_marker_end" text="Add End Marker"/>
  <Text id="spl_marker_keep" text="Keep"/>
  <Text id="spl_marker_cut" text="Cut"/>
  <Text id="spl_browse_output_final" text="Browse output"/>
  <!-- About-->
  <Text id="spl_about" text="About"/>
  <Text id="spl_version" text="Version"/>
  <Text id="spl_web_site_title" text="Solveig Multimedia Website"/>
  <Text id="spl_hc_web_site_title" text="HyperCam Website"/>
  <Text id="spl_all_rights_reserved" text="All Rights Reserved"/>
  <Text id="spl_copyright" text="Copyright"/>
  <Text id="spl_check_update" text="Check Update"/>
  <Text id="spl_copy_version_info" text="Copy Version Info"/>
  <Text id="spl_installation_version" text="Installed Version:"/>
  <Text id="spl_status" text="Status"/>
  <Text id="lc_dlg_licensed_to" text="Licensed to:" />
  <Text id="lc_dlg_lic_expr" text="Expires:" />
  <Text id="lc_dlg_del_lic" text="Delete license" />
  <Text id="lc_dlg_backup_lic" text="Backup license" />
  <Text id="lc_dlg_never" text="Never" />
  <Text id="lc_activation_key" text="Activation key" />
  <Text id="lc_dlg_delete_lic" text="Warning: This will permanently delete your license from this machine. Do you really want to do this?" />
  <Text id="lc_dlg_delete_lic2" text="You should delete your license only if you want to leave this product unlicensed on this machine, possibly so that someone else could try it as well. Click OK to confirm license deletion." />
  <Text id="lc_dlg_dellic_err" text="Error: could not delete the license, access denied. Please try to delete it in &quot;Run as administrator&quot; mode." />
  <Text id="lc_dlg_backup_lc_copy_failed" text="The license file could not be copied to the target folder. The disk or folder may be read-only, write protected or full. Please correct the problem and try again." />

  <!-- AudioListCtrl-->
  <Text id="spl_source_file" text="Source file"/>
  <Text id="spl_dest_file" text="Dest file"/>
  <Text id="spl_fragments" text="Fragments"/>
  <Text id="spl_full_time" text="Full time"/>
  <Text id="spl_start_time" text="Start Time"/>
  <Text id="spl_end_time" text="End Time"/>
  <Text id="spl_audio" text="Audio"/>
  <Text id="spl_samples_per_sec" text="Samples/Sec"/>
  <Text id="spl_mode" text="Mode"/>
  <Text id="spl_bitrate" text="Bitrate"/>
  <Text id="spl_video" text="Video"/>
  <Text id="spl_width" text="Width"/>
  <Text id="spl_height" text="Height"/>
  <Text id="spl_vcodecprivatedata" text="VCodecPrivateData"/>
  <Text id="spl_video_streams_count" text="Video streams count"/>
  <Text id="spl_video_stream_num" text="Video stream num"/>
  <Text id="spl_audio_streams_count" text="Audio streams count"/>
  <Text id="spl_audio_stream_num" text="Audio stream num"/>
  <Text id="spl_text_streams_count" text="Subtitles streams count"/>
  <Text id="spl_text_stream_num" text="Subtitles stream num"/>
  <Text id="spl_text" text="Subtitles"/>
  <Text id="spl_type" text="Type"/>
  <Text id="spl_yes" text="Yes"/>
  <Text id="spl_yestoall" text="Yes to All"/>
  <Text id="spl_no" text="No"/>
  <Text id="spl_size" text="Size"/>
  <Text id="spl_time" text="Time"/>
  <Text id="spl_none" text="NONE"/>
  <Text id="spl_not_used" text="[not used]"/>
  <Text id="spl_copy_output_filename" text="Copy Output File Name"/>
  <Text id="spl_copy_soutce_filename" text="Copy Source File Name"/>
  <Text id="spl_add_file" text="Add File"/>
  <Text id="spl_delete_selected_items" text="Delete Selected Items"/>
  <Text id="spl_clear_list" text="Clear List"/>
  <Text id="spl_start_joining" text="Start Joining"/>
  <Text id="spl_move_up" text="Move Up"/>
  <Text id="spl_move_down" text="Move Down"/>
  <Text id="spl_error" text="ERROR"/>
  <Text id="spl_err_no_disk_space" text="There is not enough space on the disk!"/>
  <Text id="spl_delete_all_cnfm" text="Do you want to delete all items from list?"/>
  <Text id="spl_joiner_list" text="Joiner List"/>
  <!-- Join Manager dialog-->
  <Text id="spl_wr_no_media_files_found_for_join" text="No media files found for join operation!"/>
  <Text id="spl_wr_joiner_manager" text="Join manager warning"/>
  <Text id="spl_err_invalid_folder" text="Invalid folder specified!"/>
  <Text id="spl_err_video_edit_engine" text="SolveigMM Video Editing Engine error"/>
  <Text id="spl_add_media_files" text="Add Media File(s)"/>
  <Text id="spl_delete_selected" text="Delete Selected"/>
  <Text id="spl_move_selected_up" text="Move Selected Up"/>
  <Text id="spl_move_selected_down" text="Move Selected Down"/>
  <Text id="spl_set_output_file_name" text="Set Output File Name"/>
  <Text id="spl_add_folder" text="Add Folder"/>
  <Text id="spl_wr_joining_projects" text="Joining Projects"/>
  <Text id="spl_default_joining_prj_file_name" text="List"/>
  <Text id="spl_save_joining_prj_dlg_title" text="Save joining project as ..."/>
  <Text id="spl_wr_file_exists" text="The selected file already exists:\n&quot;"/>
  <Text id="spl_wr_overwrite_question" text="&quot;\n\nDo you want to overwrite the file? "/>
  <Text id="spl_err_invalid_project_file" text="Invalid project file."/>
  <Text id="spl_err_non_joining_task" text="Project file contains non-joining task."/>
  <Text id="spl_err_different_formats" text="Some audio or video streams have different\n formats (See 'Audio' and 'Video' columns), or\n incompatible parameters!\n\nJoining will be cancelled!"/>
  <Text id="spl_wr_different_parameters" text="Some selected tracks have different parameters!\nThere may be some problems during output file playback.\nDo you want to continue? "/>
  <Text id="spl_joined" text="Joined"/>
  <Text id="spl_choose_file_name_dlg_title" text="Choose joined file name:"/>
  <Text id="spl_wr_browse_output_question" text="Do you want to browse the output file?"/>
  <Text id="spl_wr_choose_media_folder" text="Choose folder containing media"/>
  <Text id="spl_cant_render_read_howto_link" text="Please check how to fix this"/>
  <Text id="spl_mn_open_dst_file_in_spl" text="Open Destination File In Splitter"/>
  <Text id="spl_mn_open_src_file_in_spl" text="Open Source File In Splitter"/>
  <Text id="spl_err_different_pl_parameters" text="Files have different parameters! Problems are possible while playing the output file."/>
  <Text id="spl_err_incompatible_parameters" text="Different formats or incompatible parameters! Files could not be joined!"/>
  <Text id="spl_unmatch_timeline_content_information" text="Some files were ignored\nbecause GPS data presence doesn't fit to existing on timeline"/>
  <Text id="spl_unmatch_timeline_second_camera_content_information" text="Some files were ignored\nbecause of missed content of the second camera"/>
  <Text id="spl_unmatch_list_content_information" text="Some files were ignored\nbecause of unmatched content with existing in the list"/>

  <!-- Join Manager Toolbar dialog-->
  <Text id="spl_hide_join_manager" text="Hide Join Manager"/>
  <Text id="spl_cancel_joining" text="Cancel Joining"/>
  <!-- Preferences dialog-->
  <Text id="spl_preferences_dlg_title" text="Preferences"/>
  <Text id="spl_profile_name" text="Name of Profile"/>
  <Text id="spl_ok" text="OK"/>
  <Text id="spl_cancel" text="CANCEL"/>
  <Text id="spl_save" text="Save"/>
  <Text id="spl_dontsave" text="Don't Save"/>
  <Text id="spl_import_settings_from_file" text="Import Settings"/>
  <Text id="spl_export_settings_to_file" text="Export Settings"/>
  <Text id="spl_reset_to_defaults" text="Reset to Defaults"/>
  <Text id="spl_hotkey_attached_to" text="This hotkey is already attached to"/>
  <Text id="spl_clear_old_horkey" text="Clear old Hotkey?"/>
  <Text id="spl_configuration" text="Configuration"/>
  <Text id="spl_preferences_files" text="Preferences Files"/>
  <Text id="spl_hk_tools_batchmanager" text="Tools-> BatchManager"/>
  <Text id="spl_hk_tools" text="Tools"/>
  <Text id="spl_hk_preferences" text="Preferences"/>
  <!-- Filter Information dialog-->
  <Text id="spl_version_info" text="version:"/>
  <Text id="spl_state_info" text="state:"/>
  <Text id="spl_path_info" text="path:"/>
  <Text id="spl_not_registered" text="not registered"/>
  <Text id="spl_registered" text="Registered product"/>
  <!-- History List dialog-->
  <Text id="spl_history_list_dialog_title" text="History List"/>
  <Text id="spl_history_begin" text="History Begin"/>
  <Text id="spl_move_to_position" text="Move to position"/>
  <Text id="spl_move_to_refresh" text="Refresh"/>
  <Text id="spl_clear_history" text="Clear History"/>
  <Text id="spl_act_clear_all_markers" text="Clear All Markers"/>
  <Text id="spl_act_keep_fragment" text="Keep Selected Fragment"/>
  <Text id="spl_act_cut_out_fragment" text="Cut Out Selected Fragment"/>
  <Text id="spl_act_invert_time_line_fragments" text="Invert Time Line Fragments"/>
  <Text id="spl_act_slider_k_frame_positioning_check" text="Slider K-Frame Positioning Check"/>
  <Text id="spl_act_slider_k_frame_positioning_uncheck" text="Slider K-Frame Positioning Uncheck"/>
  <Text id="spl_act_markers_k_frame_positioning_check" text="Markers K-Frame Positioning Check"/>
  <Text id="spl_act_markers_k_frame_positioning_uncheck" text="Markers K-Frame Positioning Uncheck"/>
  <Text id="spl_act_add_marker" text="Add Marker"/>
  <Text id="spl_act_add_marker_and_invert" text="Add Marker + Invert Fragment"/>
  <Text id="spl_act_move_marker" text="Marker Move"/>
  <!-- HotKeys dialog-->
  <Text id="spl_hotkeys" text="Hotkeys"/>
  <Text id="spl_hot_key_settings" text="Hotkey Settings"/>
  <Text id="spl_hot_key_desc" text="Hotkeys are keyboard shortcuts that you can use from within running application"/>
  <Text id="spl_current_profile" text="Current Profile:"/>
  <Text id="spl_save_as" text="Save As..."/>
  <Text id="spl_remove" text="Remove"/>
  <Text id="spl_action" text="Action"/>
  <Text id="spl_hotkey" text="Hotkey"/>
  <Text id="spl_set" text="Set"/>
  <Text id="spl_clear" text="Clear"/>
  <Text id="spl_restore_default" text="Restore Default"/>
  <Text id="spl_default_profile" text="Default"/>
  <Text id="spl_wr_change_default_profile" text="The selected profile is Default and cannot be modified.\nDo you want to make a copy of this profile?"/>
  <Text id="spl_err_cannot_register_hotkey" text="Unable to register hotkey"/>
  <Text id="spl_err_profile_name_exists" text="This profile name already exists"/>
  <Text id="spl_err_delete_default_profile" text="Unable to delete Default Profile"/>
  <Text id="spl_err_invalid_interval" text="Invalid interval specified. Please modify and try again!"/>
  <Text id="spl_wr_delete_frofile" text="Profile will be deleted"/>
  <Text id="spl_delete_frofile" text="Delete Profile"/>
  <Text id="spl_file_operations" text="File Operations"/>
  <Text id="spl_hk_open_media_file" text="Open Media File"/>
  <Text id="spl_hk_save_media_file_as" text="Save Media File As"/>
  <Text id="spl_hk_load_project" text="Load Project"/>
  <Text id="spl_hk_save_project_as" text="Save Project As"/>
  <Text id="spl_hk_save_project" text="Save Project"/>
  <Text id="spl_hk_load_task_list" text="Load Batch List"/>
  <Text id="spl_hk_save_task_list_as" text="Save Batch List As"/>
  <Text id="spl_hk_save_task_list" text="Save Batch List"/>
  <Text id="spl_hk_play_pause" text="Play/Pause"/>
  <Text id="spl_hk_calc_dest_file_size" text="Calculate Destination File Size"/>
  <Text id="spl_ctrl" text="Ctrl"/>
  <Text id="spl_shift" text="Shift"/>
  <Text id="spl_alt" text="Alt"/>
  <Text id="spl_tab" text="Tab"/>
  <Text id="spl_hk_pause" text="Pause"/>
  <Text id="spl_capslock" text="Caps Lock"/>
  <Text id="spl_space" text="Space"/>
  <Text id="spl_end" text="End"/>
  <Text id="spl_home" text="Home"/>
  <Text id="spl_left" text="Left"/>
  <Text id="spl_up" text="Up"/>
  <Text id="spl_right" text="Right"/>
  <Text id="spl_down" text="Down"/>
  <Text id="spl_print" text="Print"/>
  <Text id="spl_printscreen" text="Print Screen"/>
  <Text id="spl_insert" text="Insert"/>
  <Text id="spl_delete" text="Delete"/>
  <Text id="spl_num0" text="Num 0"/>
  <Text id="spl_num1" text="Num 1"/>
  <Text id="spl_num2" text="Num 2"/>
  <Text id="spl_num3" text="Num 3"/>
  <Text id="spl_num4" text="Num 4"/>
  <Text id="spl_num5" text="Num 5"/>
  <Text id="spl_num6" text="Num 6"/>
  <Text id="spl_num7" text="Num 7"/>
  <Text id="spl_num8" text="Num 8"/>
  <Text id="spl_num9" text="Num 9"/>
  <Text id="spl_nummult" text="Num *"/>
  <Text id="spl_numdiv" text="Num /"/>
  <Text id="spl_numadd" text="Num +"/>
  <Text id="spl_numsubst" text="Num -"/>
  <Text id="spl_numdel" text="Num Del"/>
  <Text id="spl_f1" text="F1"/>
  <Text id="spl_f2" text="F2"/>
  <Text id="spl_f3" text="F3"/>
  <Text id="spl_f4" text="F4"/>
  <Text id="spl_f5" text="F5"/>
  <Text id="spl_f6" text="F6"/>
  <Text id="spl_f7" text="F7"/>
  <Text id="spl_f8" text="F8"/>
  <Text id="spl_f9" text="F9"/>
  <Text id="spl_f10" text="F10"/>
  <Text id="spl_f11" text="F11"/>
  <Text id="spl_f12" text="F12"/>
  <Text id="spl_numlock" text="Num Lock"/>
  <Text id="spl_scrolllock" text="Scroll Lock"/>
  <Text id="spl_pageup" text="Page Up"/>
  <Text id="spl_pagedown" text="Page Down"/>
  <!-- Indexer dialog-->
  <Text id="spl_question_use_index" text="Media file index found. Do you want to use it?"/>
  <Text id="spl_question_reindex" text="Do you want to re-index media file?"/>
  <Text id="spl_question_indexer" text="File is not indexed. Do you want to index it?"/>
  <Text id="spl_question_indexer_mpeg2" text="MPEG2 index found. Do you want to use it?"/>
  <Text id="spl_wr_indexer_output_file" text="Select folder for saving re-muxed file"/>
  <Text id="spl_index_initial_file" text="Index initial file"/>
  <Text id="spl_index_by_remuxing" text="Index by remuxing"/>
  <!-- Information dialog-->
  <Text id="spl_info_unregistered" text="You are evaluating unregistered copy of HyperCam."/>
  <Text id="spl_wr_register" text="Please register your copy."/>
  <Text id="spl_hc_page" text="HyperCam page"/>
  <Text id="spl_buynow" text="Buy Now"/>
  <Text id="spl_activate" text="Activate"/>
  <Text id="spl_wr_21_day_evaluation" text="This is a %d-day\nevaluation version."/>
  <Text id="spl_wr_evaluation_expired" text="Evaluation expired,\nplease purchase\na license to continue\nusing the program"/>
  <Text id="spl_wr_please_contact_us" text="If you have any questions,\ncontact us at"/>
  <Text id="spl_thanks" text="Thank you for choosing\n%4"/>
  <Text id="spl_for_a_new_version_visit" text="For a new version of\n%4\nplease visit"/>
  <Text id="spl_wr_daysLeft" text="Days left:"/>
  <Text id="spl_quit" text="Quit"/>
  <Text id="spl_trial_version_allows_launch" text="The trial version allows you to launch operations 3 times only."/>
  <Text id="spl_leftlaunches" text="Launches left:"/>
  <Text id="spl_for_futher_using" text="To continue using, you must activate or restart the program."/>
  <Text id="spl_eval_restrictions" text="Evaluation restrictions:"/>
  <Text id="spl_eval_watermark" text="Watermark on reencoded parts"/>
  <Text id="spl_eval_result_duration" text="Maximum result duration is limited to 30 minutes"/>
  <Text id="spl_eval_slicing_list_size" text="Slicing input list size is limited to 5 files"/>
  <Text id="spl_eval_operation_number" text="It is allowed to launch operations 3 times only"/>
  <!-- Open source & set target file dialogs-->
  <Text id="spl_dont_index_now" text="Do not index now."/>
  <Text id="spl_dont_start_now" text="Do not start now. Add the task to batch queue instead"/>
  <Text id="spl_save_all_keep" text="Save kept fragments separately"/>
  <Text id="spl_save_all_cut" text="Save cut fragments separately"/>
  <Text id="spl_save_options" text="Save options:"/>
  <Text id="spl_other_options" text="Other options:"/>
  <!-- Progress dialog-->
  <Text id="spl_hide" text="Hide"/>
  <Text id="spl_status_calc_file_size" text="Now calculating the file size..."/>
  <Text id="spl_status_indexing_source_file" text="Now indexing the source file..."/>
  <Text id="spl_status_remuxing_source_file" text="Now remuxing the source file... "/>
  <Text id="spl_status_joining_files" text="Joining files progress... "/>
  <Text id="spl_status_splitting" text="Now splitting the sequence..."/>
  <Text id="spl_status_indexing_sequence" text="Now indexing the sequence..."/>
  <Text id="spl_status_validating_source_file" text="Now validating the source file..."/>
  <Text id="spl_status_analyzing_source_file" text="Now analyzing the media file..."/>
  <Text id="spl_status_processing_task" text="Processing task -"/>
  <Text id="spl_status_processing_file" text="Processing file -"/>
  <Text id="spl_status_writing_file" text="Writing file #"/>
  <Text id="spl_status_split_into_fragments" text="Now splitting into fragments..."/>
  <Text id="spl_status_elapsed_time" text="Elapsed time"/>
  <Text id="spl_status_left_time" text="Time Left"/>
  <Text id="spl_status_more_details" text="More details"/>
  <Text id="spl_status_fewer_details" text="Fewer details"/>
  <Text id="spl_batch_list" text="Batch list"/>
  <!-- Show Filter Info dialog-->
  <Text id="spl_show_filters_info_dlg_title" text="Preview Direct Show Filters"/>
  <Text id="spl_properties" text="Properties"/>
  <Text id="spl_copy_all" text="Copy All"/>
  <Text id="spl_save_all" text="Save All"/>
  <Text id="spl_name" text="Name"/>
  <Text id="spl_path" text="Path"/>
  <Text id="spl_copy_all_to_clipboard" text="Copy All To Clipboard"/>
  <Text id="spl_save_all_as" text="Save All As..."/>
  <Text id="spl_text_documents" text="Text documents"/>
  <Text id="spl_filters" text="Filters"/>
  <Text id="spl_err_cant_create_file" text="Unable to create file"/>
  <Text id="spl_err_cant_write_file" text="Unable to write file"/>
  <Text id="spl_err_cant_create_directory" text="Unable to create folder"/>

  <!-- Ask Before Trim dialog-->
  <Text id="spl_task_video_splitter_trimming" text="Video Splitter trimming task"/>
  <Text id="spl_task_batch_processing" text="Batch processing"/>
  <Text id="spl_question_start" text="What do you want to start? "/>
  <Text id="spl_task_count" text="Number of tasks in a batch queue: %d."/>
  <!-- CDialogSplitByTimeSizeParts-->
  <Text id="spl_split_tsp_title" text="Slicing"/>
  <Text id="spl_split_tsp_files" text="Files"/>
  <Text id="spl_split_tsp_slicingopts" text="Slicing options"/>
  <Text id="spl_split_tsp_split_project" text="Split current project"/>
  <Text id="spl_split_tsp_split_file" text="Split whole file"/>
  <Text id="spl_split_tsp_duration" text="Duration (h:min:s)"/>
  <Text id="spl_split_tsp_size" text="Size"/>
  <Text id="spl_split_tsp_by_duration" text="By duration"/>
  <Text id="spl_split_tsp_by_size" text="By size"/>
  <Text id="spl_split_tsp_into_equal_parts" text="Into equal parts"/>
  <Text id="spl_split_tsp_size_gb" text="GB"/>
  <Text id="spl_split_tsp_size_mb" text="MB"/>
  <Text id="spl_split_tsp_size_kb" text="KB"/>
  <Text id="spl_split_tsp_size_b" text="Bytes"/>
  <Text id="spl_split_tsp_size_gb_short" text="GB"/>
  <Text id="spl_split_tsp_size_mb_short" text="MB"/>
  <Text id="spl_split_tsp_size_kb_short" text="KB"/>
  <Text id="spl_split_tsp_size_b_short" text="B"/>
  <Text id="spl_split_tsp_time_should_be_more_than_zero" text="Time value must be more than zero!"/>
  <Text id="spl_split_tsp_size_should_be_more_than_zero" text="Size value must be more than zero!"/>
  <Text id="spl_split_tsp_drop_files" text="[ Drop files here ]"/>
  <Text id="spl_split_tsp_add" text="Add"/>
  <Text id="spl_split_tsp_remove" text="Remove"/>
  <Text id="spl_split_tsp_move_up" text="Move Up"/>
  <Text id="spl_split_tsp_move_down" text="Move Down"/>
  <Text id="spl_split_tsp_remove_all" text="Remove All"/>
  <Text id="spl_split_tsp_slicing_limit" text="In Trial version count of input files for slicing is limited to 5"/>
  <Text id="spl_split_tsp_size_cd" text="CD - 700 Mb"/>
  <Text id="spl_split_tsp_size_dvd" text="DVD - 4,7 Gb"/>
  <Text id="spl_split_tsp_size_bd" text="BD(mini 8 cm) - 7,8 Gb"/>
  <Text id="spl_split_tsp_min" text="min."/>
  <Text id="spl_split_tsp_browse_output_question" text="Do you want to browse the output file(s)?"/>
  <!-- Dialog Recover Project Files-->
  <Text id="spl_pfr_files" text="Available files for saving:"/>
  <Text id="spl_pfr_title" text="Project files recovery"/>
  <Text id="spl_pfr_has_recovered" text="Video Splitter has recovered the project files after error"/>
  <Text id="spl_pfr_save_to_keep" text="Select the files you want to open"/>
  <Text id="spl_pfr_menu_open" text="Open"/>
  <Text id="spl_pfr_last_project" text="Last_Project"/>
  <Text id="spl_pfr_deletebackupproject" text="Do you want to delete the backup project?"/>
  <Text id="spl_pfr_deletebackupprojects" text="Do you want to delete  backup projects?"/>
  <!-- Dialog Stream Selection-->
  <Text id="spl_streamselection" text="Select streams..."/>
  <Text id="spl_stream_selection_please_select" text="Please select streams for preview &amp; trimming..."/>
  <Text id="spl_stream_selection_please_select_trimm" text="Please select streams for trimming..."/>
  <Text id="spl_stream_selection_tracks" text="Tracks"/>
  <Text id="spl_stream_selection_programs" text="Programs"/>
  <Text id="spl_stream_selection_video" text="Video"/>
  <Text id="spl_stream_selection_audio" text="Audio"/>
  <Text id="spl_stream_selection_text" text="Subtitles"/>
  <Text id="spl_stream_selection_external" text="External"/>
  <Text id="spl_stream_selection_program" text="Program#"/>
  <Text id="spl_stream_selection_ed_stream_preview" text="Enable/disable stream for preview"/>
  <Text id="spl_stream_selection_ed_stream_editing" text="Enable/disable stream for editing"/>
  <Text id="spl_stream_selection_ed_program_preview" text="Enable/disable program for preview"/>
  <Text id="spl_stream_selection_ed_program_editing" text="Enable/disable program for editing"/>
  <Text id="spl_stream_selection_size" text="size"/>
  <Text id="spl_stream_selection_fps" text="fps"/>
  <Text id="spl_stream_selection_sample_rate" text="samplerate"/>
  <Text id="spl_stream_selection_channels" text="channels"/>
  <Text id="spl_stream_selection_edit_onlyvideo" text="Edit video only"/>
  <Text id="spl_stream_selection_edit_onlyaudio" text="Edit audio only"/>
  <Text id="spl_stream_selection_edit_onlytext" text="Edit subtitles only"/>

  <!-- Dialog Saving Screenshot complete -->
  <Text id="spl_ssc_success" text="Saving screenshot was successfully completed!"/>
  <!--Do not change the %spl_browse_screenshot text-->
  <Text id="spl_ssc_please_use" text="Please use '%spl_browse_screenshot' button to open screenshot folder"/>
  <Text id="spl_ssc_open_screenshots_folder_offer" text="Do you want to open the screenshot folder now?"/>
  <!-- Import EDL dialog -->
  <Text id="spl_select_frame_rate" text="Please select frame rate for the project"/>
  <Text id="spl_select"	text="Select"/>
  <Text id="spl_edl_contains_background_layer"	text="EDL contains background layer that will be ignored"/>
  
  <!-- Main frame-->
  <Text id="spl_wr_joining_task_is_in_progress" text="The joining task is in progress.\n Do you want to terminate the joining process and exit the program?"/>
  <Text id="spl_info" text="Info..."/>
  <Text id="spl_fragments_to_be_kept" text="Fragments to be kept"/>
  <Text id="spl_size_btn_capt" text="size"/>
  <Text id="spl_save_all_fragmets_dlg_capt" text="Save files as; Files will be numbered..."/>
  <Text id="spl_evaluation" text="EVALUATION"/>
  <Text id="spl_evaluation_expired" text="EVALUATION EXPIRED"/>
  <Text id="spl_click_size_button" text="Click Size button"/>
  <Text id="spl_languages" text="Languages"/>
  <!-- File types-->
  <Text id="spl_all_files" text="All Files"/>
  <Text id="spl_audio_only_files" text="Audio Only"/>
  <Text id="spl_text_only_files" text="Subtitles Only"/>
  <Text id="spl_all_media_files" text="All Media Files"/>
  <Text id="spl_media_files" text="Media files"/>
  <Text id="spl_video_files" text="Video Files"/>
  <Text id="spl_audio_files" text="Audio Files"/>
  <Text id="spl_windows_media_files" text="Windows Media Files"/>
  <Text id="spl_avi_files" text="AVI Files"/>
  <Text id="spl_asf_files" text="ASF Files"/>
  <Text id="spl_wm_asf_files" text="WM/ASF Files"/>
  <Text id="spl_wma_files" text="Windows Media Audio Files"/>
  <Text id="spl_wave_audio_files" text="Wave Audio Files"/>
  <Text id="spl_mpeg_audio_files" text="MPEG Audio Files"/>
  <Text id="spl_mpeg_1_files" text="MPEG-1 Files"/>
  <Text id="spl_mpeg_1_elementary_video_files" text="MPEG-1 Elementary Video Files"/>
  <Text id="spl_mpeg_2_files" text="MPEG-2 Files"/>
  <Text id="spl_mpeg_2_index_files" text="MPEG-2 Index Files"/>
  <Text id="spl_mpeg_2_program_stream_files" text="MPEG-2 Program Stream Files"/>
  <Text id="spl_mpeg_2_transport_stream_files" text="MPEG-2 Transport Stream Files"/>
  <Text id="spl_mpeg_2_elementary_video_files" text="MPEG-2 Elementary Video Files"/>
  <Text id="spl_avchd_files" text="AVCHD files"/>
  <Text id="spl_project_files" text="Project files"/>
  <Text id="spl_task_list_files" text="Task List Files"/>
  <Text id="spl_cue_files" text="CUE Files"/>
  <Text id="spl_splitter_project_files" text="Splitter Project Files"/>
  <Text id="spl_log_file" text="Log file"/>
  <Text id="spl_mpeg2_index_files" text="MPEG2 Index files"/>
  <Text id="spl_waveform_audio" text="Waveform Audio"/>
  <Text id="spl_mpeg_audio" text="MPEG Audio"/>
  <Text id="spl_windows_media_audio" text="Windows Media Audio"/>
  <Text id="spl_batch_list_files" text="Batch List files"/>
  <Text id="spl_join_list_files" text="Join List files"/>
  <Text id="spl_mp4_files" text="MP4 Files"/>
  <Text id="spl_matroska_files" text="Matroska Files"/>
  <Text id="spl_webm_files" text="WebM Files"/>
  <Text id="spl_flv_files" text="FLV files"/>
  <!-- Icon notifications-->
  <Text id="spl_trim_finished" text="Trim finished."/>
  <Text id="spl_trim_process_finished" text="Trim process finished."/>
  <Text id="spl_started_task" text="Started task"/>
  <Text id="spl_result_file_name" text="Result file name :"/>
  <Text id="spl_starting_trim_process" text="Starting trim process..."/>
  <Text id="spl_dropping_temporary_file" text="Dropping temporary file..."/>
  <Text id="spl_write_failed" text="Write failed."/>
  <Text id="spl_trim_process_stopped" text="Trim process stopped"/>
  <Text id="spl_err_parsing_src_file" text="Error due to parsing source file!"/>
  <Text id="spl_trimming" text="Trimming..."/>
  <Text id="spl_canceled_by_user" text="Canceled by user."/>
  <Text id="spl_clips_list_is_empty" text="Clip list is empty"/>
  <Text id="spl_pressed_exit_button" text="Exit button pressed"/>
  <Text id="spl_exiting" text="Exiting..."/>
  <Text id="spl_processing_here" text="Processing here..."/>
  <Text id="spl_progress_information" text="Progress information:"/>
  <Text id="spl_current_task" text="Current task:"/>
  <Text id="spl_write_a_file_number" text="Write a file number"/>
  <Text id="spl_total_progress" text="Total progress:"/>
  <Text id="spl_processing_task" text="Processing task:"/>
  <Text id="spl_total_tasks" text="Total tasks:"/>
  <!-- Messages-->
  <Text id="spl_save_changes_to_project_question" text="Do you want to save changes you made to current project?"/>
  <Text id="spl_save_changes_to_batch_question" text="Do you want to save changes\nyou made to current XTL Batch List?"/>
  <Text id="spl_save_changes_to_joinlist_question" text="Do you want to save changes you made to current Join List?"/>
  <Text id="spl_wr_components_are_not_found" text="The following components are required but not found:"/>
  <Text id="spl_reinstalling_fix_the_problem" text="Reinstalling the application may fix the problem."/>
  <Text id="spl_err_cant_open_mpeg2_index_file" text="Unable to open MPEG2 index file"/>
  <Text id="spl_err_could_not_open_file" text="Could not open file"/>
  <Text id="spl_err_error" text="Error"/>
  <Text id="spl_err__error" text="error"/>
  <Text id="spl_err_cant_get_file_size" text="Unable to get the file size"/>
  <Text id="spl_err_is_not_supported" text="is not supported or damaged"/>
  <Text id="spl_files_not_supported_or_damaged" text="Some files are not supported or damaged"/>
  <Text id="spl_err_cant_get_source_file_length" text="Unable to get source file length"/>
  <Text id="spl_wr_src_file_not_set" text="Source file has not been set"/>
  <Text id="spl_exclamation_warning" text="Warning!"/>
  <Text id="spl_wr_already_exists" text="already exists!"/>
  <Text id="spl_question_replace" text="Do you want to replace it?"/>
  <Text id="spl_path_doesnt_exist" text="Specified path does not exist.\n Do you want to create it?"/>
  <Text id="spl_err_no_interval" text="Please select at least one interval to be kept.\n For more information see help file."/>
  <Text id="spl_err_no_stream" text="Please select at least one stream"/>
  <Text id="spl_err_cant_start_trim" text="Unable to start trimming process"/>
  <Text id="spl_trimming_process_has_been_finished" text="Trimming process has been finished."/>
  <Text id="spl_joining_process_has_been_finished" text="Joining process has been finished."/>
  <Text id="spl_slicing_process_has_been_finished" text="Slicing process has been finished."/>
  <Text id="spl_batch_process_has_been_finished" text="Batch processing has been finished."/>
  <Text id="spl_question_index_file_now" text="K-Frame navigation is not available without MPEG index.\nPlease use navigation by frame (CTRL+left arrow, CTRL+right arrow) instead or index your input file.\n\nDo you want to index your file now?"/>
  <Text id="spl_err_drm_protection" text="Windows Media File is DRM-protected and is not supported by the current version"/>
  <Text id="spl_err_no_time_interval" text="No time interval has been set"/>
  <Text id="spl_warning" text="Warning"/>
  <Text id="spl_question_update_task" text="Do you want to update task #"/>
  <Text id="spl_question_save_task" text="Task list is not saved. Do you want to save it?"/>
  <Text id="spl_question_open_selected_task" text="Open selected task?"/>
  <Text id="spl_question_exit" text="Exit confirmation.\nAre you sure?"/>
  <Text id="spl_wr_no_stream" text="At least one stream should be selected"/>
  <Text id="spl_warn_audio_format" text="Audio format:"/>
  <Text id="spl_warn_audio_silence_is_not_supported" text="Audio silence feature is not supported for current audio format!"/>
  <Text id="spl_question_value_in_new_program" text="Do you want the value to be set in new program starts ?\nThis is not recommended."/>
  <Text id="spl_will_be_overwrited" text="will be overwritten"/>
  <Text id="spl_question_change_destination_file_name" text="Do you want to change the destination file name?"/>
  <Text id="spl_err_dst_is_equal_to_src" text="Destination file name is equal to source file name."/>
  <Text id="spl_err_src_file_cant_be_set" text="The source file cannot be set"/>
  <Text id="spl_err_dst_file_cant_be_set" text="The destination file cannot be set"/>
  <Text id="spl_save_current_fragment_as" text="Save current fragment as"/>
  <Text id="spl_wr_update_is_available" text="An update is available.  Do you want to learn more now?"/>
  <Text id="spl_err_index_file_cant_be_set" text="The index file cannot be set"/>
  <Text id="spl_err_write_project_file" text="Unable to write project file"/>
  <Text id="spl_err_open_project_file" text="Unable to open project file"/>
  <Text id="spl_err_empty_project_file" text="Project file is empty"/>
  <Text id="spl_err_read_project_file" text="Project file read error"/>
  <Text id="spl_wr_no_src_file" text="Unable to find source media file"/>
  <Text id="spl_question_choose_manually" text="Do you want to choose it manually?"/>
  <Text id="spl_wr_invalid_output_file_in_project" text="Invalid output file specified in project. File will be ignored."/>
  <Text id="spl_wr_unable_to_find_folder_specified_in_project" text="Unable to find the folder specified in current project."/>
  <Text id="spl_wr_do_you_want_to_create_it" text="Do you want to create it?"/>
  <Text id="spl_question_save_fragments_marked_as_cut_off" text="You are going to save all fragments.\nSome fragments are marked as 'Cut off'.\n\nDo you want to save them too?"/>
  <Text id="spl_err_no_intervals_selected1" text="No intervals selected.\n\nBoth Start and Stop markers are at the same position."/>
  <Text id="spl_err_registry_error" text="Registry Error"/>
  <Text id="spl_err_open_index_file" text="Unable to open Index file"/>
  <Text id="spl_err_read_index_file" text="Unable to read Index file"/>
  <Text id="spl_err_open_index_file_for_list" text="Unable to open one or more index files for this file list"/>
  <Text id="spl_err_index_file_is_not_opened" text="Index file is not opened"/>
  <Text id="spl_err_cant_render_video_stream" text="Unable to render video"/>
  <Text id="spl_err_cant_render_audio_stream" text="Unable to render audio"/>
  <Text id="spl_err_no_codecs" text="The necessary codecs are not found"/>
  <Text id="spl_register_code_has_been_accepted" text="Your code has been accepted.  Thanks for registering!"/>
  <Text id="spl_is_now_fully_functional" text="is now fully functional"/>
  <Text id="spl_enter_code_here" text="ENTER CODE HERE"/>
  <Text id="spl_incorrect_register_code" text="This code is incorrect.  Please check the code and try again."/>
  <Text id="spl_err_load_failed" text="Load failed."/>
  <Text id="spl_err_task_list_load_failed" text="Unable to load Task List"/>
  <Text id="spl_tasks_loaded_from" text="Tasks loaded from:"/>
  <Text id="spl_tasks_saved_into" text="Tasks saved into:"/>
  <Text id="spl_wr_output_file_name_matches_with_the_list_task" text="Output file name matches with the list task"/>
  <Text id="spl_file_name" text="file name"/>
  <Text id="spl_question_rename" text="Do you want to rename it now?"/>
  <Text id="spl_question_save_changes_into" text="Do you want to save changes into"/>
  <Text id="spl_question_before_opening" text="before opening?"/>
  <Text id="spl_wr_append_files" text="Some files couldn't be appended in the list.\n\nThey probably have unsupported formats!"/>
  <Text id="spl_wr_set_destination1" text="The following file name is set as an output:"/>
  <Text id="spl_wr_set_destination2" text="Do you want this name to be set as destination in the current joining project?"/>
  <Text id="spl_wr_choose_output_file_name" text="Before you save the joining project, you'll be asked to choose an output file name.\nYou may skip it."/>
  <Text id="spl_err_indexing_process_cant_be_completed" text="Indexing failed because media file is corrupted!"/>
  <Text id="spl_err_remuxing_failed" text="Remuxing failed because media file is corrupted!"/>
  <Text id="spl_err_no_intervals_selected2" text="No intervals selected!\n\nPlease select at least one interval to be kept."/>
  <Text id="spl_wrn_join_managet_warning" text="Join manager warning"/>
  <Text id="spl_restartapp_to_take_effect" text="Please restart application to take effect"/>
  <Text id="spl_indexing_process_has_been_finished" text="Indexing process has finished"/>
  <Text id="spl_no_file_for_index_found" text="No new files for indexing found!"/>
  <Text id="spl_index_deprecated" text="The index file is deprecated."/>
  <Text id="spl_reindex_question" text="Do you want to re-index media file?"/>
  <Text id="spl_cantcreatefile" text="SolveigMM Video Splitter is unable to create file:"/>
  <Text id="spl_diskfull" text="Maybe the disk is full, write-protected or damaged."/>
  <Text id="spl_choosepath" text="Please choose another file path."/>
  <Text id="spl_wr_unable_to_display_map" text="Unable to display map"/>
  <Text id="spl_wr_no_internet_connection" text="No Internet connection"/>
  <Text id="spl_wr_no_gps_data_found" text="No GPS data found!"/>
  <Text id="spl_wr_check_ie_settings" text="Check Internet Explorer settings"/>
  <Text id="spl_loaded_file_corrupted" text="Loaded File is corrupted! Trimming result may be incorrect!"/>
  <Text id="spl_media_consist_of_one_frame" text="Video consists of one single frame"/>
  <Text id="spl_trimming_impossible" text="Trimming is not possible"/>
  <Text id="spl_question_operation_supported_in_business_version" text="This operation is supported only in Business version."/>
  <Text id="spl_question_try_in_business_splitter" text="Would you like to try Video Splitter Business Edition?"/>
  <Text id="spl_cannot_enable_ha" text="Can not enable hardware acceleration"/>
  <Text id="spl_cannot_disable_ha" text="Can not disable hardware acceleration"/>
  <Text id="spl_ha_enabled" text="Hardware acceleration is enabled"/>
  <Text id="spl_ha_disabled" text="Hardware acceleration is disabled"/>
  <Text id="spl_msg_reset_to_defaults" text="The preferences were reset to defaults"/>
  <Text id="spl_msg_interlaced_file" text="The file you set for trimming is interlaced.\nThere may be problems with the trimmed file playback in some players."/>
  <!--the full text is "Try in SolveigMM Video Splitter". it is divided in 2 parts-->
  <Text id="spl_btn_try_in_splitter_try" text="Try in"/>
  <Text id="spl_btn_try_in_splitter_spl" text="SolveigMM Video Splitter"/>
  <!-- Log-->
  <Text id="spl_log_error" text=" : [ERROR] : "/>
  <Text id="spl_log_starting" text=" : [STARTING] : "/>
  <Text id="spl_log_finished" text=" : [FINISHED] : "/>
  <Text id="spl_log_warning" text=" : [WARNING] : "/>
  <Text id="spl_log_cleared" text="Log cleared."/>
  <Text id="spl_log_noname" text="Noname"/>
  <Text id="spl_log" text="log"/>
  <Text id="spl_runtimelog" text="RunTimeLog"/>
  <Text id="spl_log_created_at" text="Created at"/>
  <!-- Task list control-->
  <Text id="spl_tl_num" text="Task #"/>
  <Text id="spl_tl_task_type" text="Type"/>
  <Text id="spl_tl_source_file" text="Source file"/>
  <Text id="spl_tl_interval" text="Interval(s)"/>
  <Text id="spl_tl_dest_file" text="Dest file"/>
  <Text id="spl_tl_fragments_count" text="Fragments count"/>
  <Text id="spl_tl_full_time" text="Full time"/>
  <Text id="spl_tl_audio_stream" text="Audio stream"/>
  <Text id="spl_tl_video_stream" text="Video stream"/>
  <Text id="spl_tl_obey_sampeles_times" text="Obey samples times"/>
  <Text id="spl_tl_full_parsing" text="Full parsing"/>
  <Text id="spl_tl_accuracy" text="Accuracy"/>
  <Text id="spl_tl_error" text="ERROR"/>
  <Text id="spl_tl_none" text="NONE"/>
  <Text id="spl_tl_all" text="ALL"/>
  <Text id="spl_tl_gop" text="GOP"/>
  <Text id="spl_tl_frame" text="Frame"/>
  <Text id="spl_tl_yes" text="Yes"/>
  <Text id="spl_tl_no" text="No"/>
  <Text id="spl_tl_size" text="Size"/>
  <Text id="spl_tl_time" text="Time"/>
  <Text id="spl_tl_not_used" text="[not used]"/>
  <Text id="spl_tl_noname" text="Noname"/>
  <Text id="spl_tl_type_trimming" text="Trimming"/>
  <Text id="spl_tl_type_autosplit" text="Slicing"/>
  <Text id="spl_tl_type_indexation" text="Indexing"/>
  <!-- Media library delete files confirm dlt -->
  <Text id="spl_confirm_delete_file_on_timeline_question" text="The selected media is in use in the timline.\nRemove all timeline references?"/>
  <Text id="spl_confirm_delete_file_on_timeline_check" text="Confirm deleting file if it is used on timeline"/>
  <!-- Updates dialog-->
  <Text id="spl_upd_dlg_caption" text="Information"/>
  <Text id="spl_visit_us_on_the_web" text="Visit us on the web"/>
  <Text id="spl_product_download_link" text="Product download link"/>
  <Text id="spl_product_remind_me" text="Remind me again in"/>
  <Text id="spl_h1_latest_version" text="You have the latest available version."/>
  <Text id="spl_h2_latest_version" text="Current version"/>
  <Text id="spl_h1_new_release" text="New version of %s"/>
  <Text id="spl_h2_new_release" text="Version %s has been released."/>
  <Text id="spl_err_update" text="Error occurred while checking updates"/>
  <Text id="spl_1_day" text="1 Day"/>
  <Text id="spl_3_days" text="3 Days"/>
  <Text id="spl_7_days" text="7 Days"/>
  <Text id="spl_15_days" text="15 Days"/>
  <Text id="spl_never" text="Never"/>
  <Text id="spl_upd_dlg_upgrade_info_caption" text="Upgrade information"/>
  <Text id="spl_upd_dlg_upgrade_info" text="You are about to download an upgrade to the next major version."/>
  <Text id="spl_upd_dlg_upgrade_policy" text="Product's upgrade policy to the next major version"/>
  <Text id="spl_upd_dlg_upgrade_acknowledged" text="Acknowledged"/>
  <Text id="spl_upd_dlg_continue" text="Continue"/>
  <Text id="spl_upd_dlg_cancel" text="Cancel"/>
  <!-- Time switch dialog-->
  <Text id="spl_dtm_warning" text="Warning!"/>
  <Text id="spl_dtm_displayed_format_willbechanged" text="The displayed time format will be changed"/>
  <Text id="spl_dtm_from" text="from"/>
  <Text id="spl_dtm_to" text="to"/>
  <Text id="spl_time_mode_timeframes_mask" text="(h:min:s;frame)"/>
  <Text id="spl_time_mode_time_mask" text="(h:min:s,ms)"/>
  <Text id="spl_time_mode_time10ms_mask" text="(h:min:s:10ms)"/>
  <Text id="spl_time_mode_timeframes" text="Time and frames"/>
  <Text id="spl_time_mode_time" text="Time"/>
  <Text id="spl_time_mode_time10ms" text="Time in tens of ms"/>
  <Text id="spl_dtm_to_change_time_format" text="To change time format use"/>
  <Text id="spl_dtm_dontshow" text="Do not show anymore"/>
  <!-- Final message dialog-->
  <Text id="spl_final_file_saved" text="File saved!" />
  <Text id="spl_final_total_time_processing" text="Total processing time: " />
  <Text id="spl_final_duration" text="Duration: " />
  <Text id="spl_final_size" text="Size: " />
  <!-- CDialogApplyProjSettingsWarn-->
  <Text id="spl_apsw_option_is_enabled" text="This option is enabled:"/>
  <!-- Registration dialog-->
  <Text id="spl_wr_enter_yourkey" text="Please, Enter your key"/>
  <Text id="spl_copypaste_recommended" text="(Copy/Paste is recommended)"/>
  <Text id="spl_wr_activation_failed" text="Sorry, activation failed! Please check if your activation key is correct."/>
  <Text id="spl_wr_activation_success" text="Thank you! The product was activated successfully."/>
  <Text id="lc_dlg_read_lic_from_file" text="or open license file" />
  <Text id="lc_dlg_use_offline_activation" text="or use offline activation"/>
  <Text id="lc_dlg_use_online_activation" text="or use online activation"/>
  <Text id="lc_dlg_get_activation_info" text="Get activation string"/>
  <Text id="lc_need_help" text="Need help with activation?"/>
  <Text id="lc_dlg_copy_activation_string" text="Please submit activation string to"/>
  <Text id="lc_dlg_copy_activation_site" text="http://www.solveigmm.com/wlm/offline.php"/>
  <Text id="lc_dlg_toaquire_serial" text="to acquire serial number"/>
  <Text id="lc_dlg_enter_serial" text="Enter serial number"/>
  <Text id="lc_dlg_fill_license_info" text="Please fill license information"/>
  <Text id="lc_company" text="Company:"/>
  <Text id="lc_name" text="*Name:"/>
  <Text id="lc_email" text="*E-Mail:"/>
  <Text id="lc_privacy_policy" text="I've read and agree to Privacy policy"/>
  <Text id="lc_policy" text="Privacy Policy"/>


  <!-- Save file dialog-->
  <Text id="spl_save_video_track_only" text="Save video track only"/>
  <Text id="spl_save_audio_track_only" text="Save audio track only"/>
  <!-- Smart trimming-->
  <Text id="spl_default_trimm_accuracy" text="Default Trimming Accuracy:"/>
  <Text id="spl_default_trimm_accuracy_frame" text="Frame"/>
  <Text id="spl_default_trimm_accuracy_gop" text="GOP(K-frame)"/>
  <Text id="spl_available_encoders_and_decoders" text="Encoders / decoders:"/>
  <Text id="spl_preferred_codecs" text="Preferred codecs:"/>
  <Text id="spl_clear_forced" text="Clear List"/>
  <Text id="spl_move_up_forced" text="Move Up"/>
  <Text id="spl_move_down_forced" text="Move Down"/>
  <Text id="spl_delete_selected_forced" text="Delete Selected"/>
  <Text id="spl_copy_info_to_clipboard" text="Copy info to clipboard"/>
  <Text id="spl_show_filters_for_current_format" text="Show filters for current file format"/>
  <Text id="spl_chosen_codecs" text="Chosen Codecs:"/>
  <Text id="spl_force_selected" text="Force Selected"/>
  <Text id="spl_show_properties" text="Show Properties"/>
  <Text id="spl_err_apropriate_decoder_not_found" text="Appropriate decoder not found."/>
  <Text id="spl_err_apropriate_encoder_not_found" text="Appropriate encoder not found."/>
  <Text id="spl_err_system_configuration_inappropriate_for_trimming" text="The system configuration is inappropriate for correct trimming."/>
  <Text id="spl_err_windows_media_runtime_11_is_required" text="Windows Media Runtime 11 is required.\nYou can get it by updating Windows Media Player to version 11."/>
  <Text id="spl_err_compatible_decoder_encoder_not_found" text="Compatible decoder and encoder not found."/>
  <Text id="spl_err_smart_trimming_is_not_possible_for_video_format" text="Frame Accuracy(Smart Mode) is not possible for video format"/>
  <Text id="spl_err_trimming_in_gop_mode" text="Trimming will be done in GOP(K-Frame) mode."/>
  <Text id="spl_err_would_you_like_to_open_preferences_window" text="Do you want to open Preferences window to see filter settings?"/>
  <Text id="spl_media_mismatch_avc_spec" text="Video doesn't match avc specification"/>
  <Text id="spl_level_to_low" text="Current frame resolution and fps is too high for specified level"/>
  <Text id="spl_fa_level_changed" text="Level will be changed for Frame Accuracy (Smart Mode)"/>

  <!-- Audio WaveForm Settings-->
  <Text id="spl_audio_curve" text="Audio Waveform"/>
  <Text id="spl_follow_slider_curve_constructed" text="Follow the slider while the waveform is constructed"/>
  <Text id="spl_peaks_file_path" text="Waveforms files path:"/>
  <Text id="spl_peaks_file_path_change" text="Change"/>
  <Text id="spl_peaks_file_path_open" text="Explore"/>
  <Text id="spl_peaks_file_path_reset" text="Reset to Defaults"/>
  <Text id="spl_select_peak_files_path" text="Select waveforms files path"/>
  <Text id="spl_invalid_peak_files_path" text="Selected path is invalid!"/>
  <Text id="spl_reset_path_question" text="Are you sure you want to reset waveforms files path to default?"/>
  <Text id="spl_reset_path_question_title" text="Reset waveforms files path to default"/>
  <!-- Thumbnails Settings -->
  <Text id="spl_video_thumbnails" text="Video Thumbnails"/>
  <Text id="spl_hddCache_file_path" text="HDD cache path:"/>
  <Text id="spl_enable_hdd_cache" text="Enable thumbnails HDD cache"/>
  <Text id="spl_select_thumbs_files_path" text="Select thubnails files path"/>
  <Text id="spl_reset_thumbspath_question" text="Are you sure you want to reset thumbnails files path to default?"/>
  <Text id="spl_reset_thumbspath_question_title" text="Reset thumbnails files path to default"/>

  <!-- Output files mask-->
  <Text id="spl_ouput_files_mask" text="Output Files Mask"/>
  <Text id="spl_ouput_files_settings" text="Output Files Settings"/>
  <Text id="spl_mask_output_file_names" text="Mask of output file names:"/>
  <Text id="spl_mask_reset" text="Reset to defaults"/>
  <Text id="spl_mask_source" text="Source file name"/>
  <Text id="spl_mask_number" text="Output number (1,2,3...)"/>
  <Text id="spl_mask_number_ext" text="Output number (0001,0002,0003...)"/>
  <Text id="spl_mask_date" text="Current date, default layout (YYYY_MM_DD_hh_mm_ss)"/>
  <Text id="spl_mask_date_ext" text="Current date, custom layout (YYYYMMDD)"/>
  <Text id="spl_mask_number_ext_daily" text="Store output number throughout the day"/>
  <Text id="spl_mask_sample_file_name" text="File name"/>
  <Text id="spl_mask_invalid_format" text="Invalid mask format"/>
  <Text id="spl_mask_name_too_long" text="File name too long"/>
  <Text id="spl_mask_enable" text="Use mask for output file names"/>
  <Text id="spl_warn_mask_without_enumeration" text="Mask does not contain output number!"/>
  <Text id="spl_warn_continue_question" text="Continue anyway?"/>
  <Text id="spl_mask_customize" text="Custom..."/>
  <Text id="spl_mask_output_folder_settings" text="Output folder settings"/>
  <Text id="spl_computer_id" text="Computer ID"/>
  <Text id="spl_mask_outfolder_save_where_input" text="Save to the same folder as input file"/>
  <Text id="spl_mask_outfolder_save_where_last_saved" text="Save to the last output folder"/>
  <Text id="spl_mask_outfolder_save_where_specified" text="Save to the specified folder"/>
  <!-- View Tab-->
  <Text id="spl_show_media_library" text="Show media library"/>
  <Text id="spl_display_extended_playlist" text="Extended view"/>
  <Text id="spl_show_info_panel" text="Show input/output information panel"/>
  <Text id="spl_show_splash" text="Show splash screen"/>
  <Text id="spl_show_info_item_in_sysmenu" text="Show info item in system menu"/>
  <Text id="spl_show_logo_back_ground" text="Show logo on video window background"/>
  <Text id="spl_show_gps_data_panel" text="Show GPS navigation panel"/>
  <Text id="spl_show_gps_data_sensors_panel" text="Show GPS navigation sensors panel"/>
  <Text id="spl_show_extra_video_wnd" text="Show extra view video window on dvr files"/>
  <Text id="spl_compare_video_mode" text="Enable compare video mode"/>
  <Text id="spl_color_settings" text="Text color settings:"/>
  <Text id="spl_color_mb_main_text" text="Message boxes' main"/>
  <Text id="spl_color_mb_hl_text" text="Message boxes' highlighted"/>
  <Text id="spl_color_file_info_text" text="Input/output information panel"/>
  <Text id="spl_show_tutorial_wizard" text="Show tutorial wizard"/>
  <Text id="spl_show_final_message" text="Show trimming stats"/>
  <Text id="spl_show_filename_on_final_message" text="Add output filename to trimming stats"/>
  <Text id="spl_show_file_position_edit" text="Show file position edit"/>
  <Text id="spl_show_file_length" text="Show file length"/>
  <Text id="spl_show_volume_slider" text="Show volume slider"/>
  <Text id="spl_show_markers_mode_switch" text="Show markers mode switch"/>
  <Text id="spl_show_interval_start_time_edit" text="Show interval start time edit"/>
  <Text id="spl_show_interval_end_time_edit" text="Show interval end time edit"/>
  <Text id="spl_show_zoom_slider" text="Show zoom slider"/>
  <Text id="spl_show_next_frame_button" text="Show '%spl_next_frame' button"/>
  <Text id="spl_show_next_k_frame_button" text="Show '%spl_next_k_frame' button"/>
  <Text id="spl_show_jump_forward_button" text="Show 'Jump Forward' button"/>
  <Text id="spl_show_play_pause_button" text="Show '%spl_play' button"/>
  <Text id="spl_show_stop_button" text="Show '%spl_stop' button"/>
  <Text id="spl_show_previous_frame_button" text="Show '%spl_previous_frame' button"/>
  <Text id="spl_show_previous_k_frame_button" text="Show '%spl_previous_k_frame' button"/>
  <Text id="spl_show_jump_backward_button" text="Show 'Jump Backward' button"/>
  <Text id="spl_show_make_screenshot_button" text="Show '%spl_make_screenshot' button"/>
  <Text id="spl_show_browse_screenshot_button" text="Show '%spl_browse_screenshot' button"/>
  <Text id="spl_show_thumbnails_button" text="Show '%story_board_on/Off' button"/>
  <Text id="spl_show_audiocurve_button" text="Show '%audio_curve_on/Off' button"/>
  <Text id="spl_show_add_marker_button" text="Show '%spl_add_marker' button"/>
  <Text id="spl_show_set_audiosilence_button" text="Show '%spl_act_set_audio_silence' button"/>
  <Text id="spl_show_save_button" text="Show '%spl_save' button"/>
  <Text id="spl_show_browse_output_button" text="Show '%spl_browse_output' button"/>
  
  <!-- Control Tab-->
  <Text id="spl_sync_medialibrary_and_timeline" text="Synchronize media library list with files on timeline"/>
  <Text id="spl_close_app_after_trimm" text="Close application after trimming"/>
  <Text id="spl_ask_output_file_name" text="Ask for output file name when &quot;Save&quot; is pushed"/>
  <Text id="spl_navigate_to_interlaced_fields" text="Navigate to interlaced fields on AVC video"/>
  <Text id="spl_padding_on_mpeg_ts_files" text="Padding on MPEG TS files"/>
  <Text id="spl_index_mpa_files" text="Index MPEG audio files"/>
  <Text id="spl_index_mpeg_files" text="Index MPEG video files"/>
  <Text id="spl_keep_proj_settings" text="Keep project settings (intervals, selected streams) for all files within a session"/>
  <Text id="spl_dont_add_marker_same_pos" text="Do not duplicate markers at the same position"/>
  <Text id="spl_show_warning_apply_proj_settings" text="Show warning when applying project settings"/>
  <Text id="spl_dont_save_recent_files" text="Do not save &quot;Recent Files&quot;"/>
  <Text id="spl_show_message_after_saving_screenshot" text="Show message after saving screenshot"/>
  <Text id="spl_autobackup_projects" text="Automatically save project backups"/>
  <Text id="spl_disable_frame_alignment" text="Disable frame alignment"/>
  <Text id="spl_singlethreadmode_mpeg2encoder" text="Enable single thread mode for MPEG2 encoder"/>
  <Text id="spl_keep_mpeg_closed_captions" text="Saving MPEG2 closed captions data on re-encoded frames"/>
  <Text id="spl_keep_mpeg_ts_info" text="Keep MPEG TS PIDs"/>
  <Text id="spl_rtp_hint_tracks" text="RTP hint tracks on MP4 files:"/>
  <Text id="spl_rtp_hint_tracks_writeiforiginal" text="Write if present in original file"/>
  <Text id="spl_rtp_hint_tracks_writealways" text="Write always"/>
  <Text id="spl_rtp_hint_tracks_dontwrite" text="Don't write"/>
  <Text id="spl_start_play_after_drop" text="Start playback after dropping file to timeline"/>
  <Text id="spl_stop_play_on_markerstop_placed" text="Stop playback after placing end marker "/>
  <Text id="spl_use_one_interval_mode" text="Use single interval mode "/>
  <Text id="spl_autocopy_to_clipboard_filename_after_trimming" text="Copy output filename to clipboard after trimming"/>
  <Text id="spl_launch_new_instance" text="Launch a new instance on start saving a file"/>
  <Text id="spl_close_after_save" text="Shut down a splitter after saving a file"/>
  <Text id="spl_transcoding_with_bit_depth_preserving" text="Transcoding with bit depth preserving"/>

  <!-- playback Tab-->
  <Text id="spl_playback_settings" text="Playback Settings"/>
  <Text id="spl_smart_mode_settings" text="Smart Mode Settings"/>
  <Text id="spl_video_renderer" text="Video Renderer"/>
  <Text id="spl_vr_default" text="Default"/>
  <Text id="spl_vr_vmr7" text="VMR-7"/>
  <Text id="spl_vr_vmr9" text="VMR-9"/>
  <Text id="spl_vr_evr" text="EVR"/>
  <Text id="spl_restore_frames_with_errors_avc" text="Restore frames with errors on AVC video"/>
  <!-- Slicing Tab-->
  <Text id="spl_slicing_pref" text="Slicing"/>
  <Text id="spl_files_indexation" text="Files indexation:"/>
  <Text id="spl_index_files_before_start" text="Index files before &quot;Start&quot; pushed"/>
  <Text id="spl_index_files_immediately_after_adding" text="Index files immediately after adding"/>
  <!-- subtitles Tab -->
  <Text id="spl_subtitles" text="Subtitles"/>
  <Text id="spl_apply_now" text="Apply Now"/>
  <Text id="spl_choose_font" text="Choose font"/>
  <Text id="spl_override_subtitles_placement" text="Override subtitles placement"/>
  <Text id="spl_override_subtitles_font" text="Override subtitles font"/>
  <Text id="spl_y_postion" text="Y position(%)"/>
  <Text id="spl_x_postion" text="X position(%)"/>
  <!-- Gif export Tab -->
  <Text id="spl_gif_export_settings" text="GIF Export Settings"/>
  <Text id="spl_gif_frames_count_control" text="Frames count control:"/>
  <Text id="spl_gif_save_equidistant_frames" text="Save equidistant frames:"/>
  <Text id="spl_gif_frames_count" text="Frames count"/>
  <Text id="spl_gif_frame_duration" text="Frame duration (1/100s)"/>
  <Text id="spl_gif_override_fps" text="Override fps:"/>
  <Text id="spl_gif_fps" text="Frames per second"/>
  <Text id="spl_gif_keep_original_fps" text="Keep original fps"/>
  <!-- medialibrary -->
  <Text id="spl_ml_indexation" text="INDEXATION"/>
  <Text id="spl_ml_cancel" text="CANCEL"/>
  <Text id="spl_medialibrary_drag_1" text="Drag media files here\nor"/>
  <Text id="spl_medialibrary_add_to_media" text="Add files to the\nMedia Library"/>
  <Text id="spl_medialib_choose" text="Choose files"/>
  <Text id="spl_medialibrary" text="MEDIA"/>
  <Text id="spl_medialib_simple_view" text="Simple view"/>
  <Text id="spl_medialib_extended_view" text="Extended view"/>
  <Text id="spl_link_video_file_as_second_camera" text="Link Video File as Second Camera"/>
	<!-- search control-->
  <Text id="spl_search_enter_name" text="Enter the title"/>
  <Text id="spl_search" text="Search"/>
  <!-- maps -->
  <Text id="spl_route" text="ROUTE"/>
  <!-- videoWindow-->
  <Text id="spl_videowindow_files_from_medialib" text="Files from Media are played back here"/>

  <!-- SMM Slider Ctrl-->
  <Text id="spl_z_hours" text="hours"/>
  <Text id="spl_z_hour" text="hour"/>
  <Text id="spl_z_minutes" text="minutes"/>
  <Text id="spl_z_minute" text="minute"/>
   <Text id="spl_z_minutes1" text="minutes" />
  <Text id="spl_z_seconds" text="seconds"/>
  <Text id="spl_z_second" text="second"/>
  <Text id="spl_z_milliseconds" text="milliseconds"/>
  <Text id="spl_z_millisecond" text="millisecond"/>
  <Text id="spl_z_framemode" text="Frame Mode"/>
  <Text id="spl_z_resetzoom" text="Reset Zoom"/>
  <Text id="story_board_on" text="Story Board On"/>
  <Text id="story_board_off" text="Story Board Off"/>
  <Text id="audio_curve_on" text="Audio Waveform On"/>
  <Text id="audio_curve_off" text="Audio Waveform Off"/>
  <Text id="drag_files_here" text="Open or drag files for editing"/>
  <!-- Compare Video Mode-->
  <Text id="spl_open_media_file" text="Open media file"/>
  <Text id="spl_zoom_video_in" text="Zoom In Video"/>
  <Text id="spl_zoom_video_out" text="Zoom Out Video"/>
  <Text id="spl_zoom_video_reset" text="Reset Zoom"/>
  <Text id="spl_click_region_to_zoom" text="Click on video's region to zoom in"/>
  <Text id="spl_compare_mode_media_file_has_no_video" text="Media file has no video track and could be loaded in this mode!"/>
  <!-- Wizard -->
  <Text id="spl_wiz_next" text="Next"/>
  <Text id="spl_wiz_back" text="Back"/>
  <Text id="spl_wiz_finish" text="Finish"/>
  <Text id="spl_skip" text="Skip"/>
  <Text id="spl_wizard_show_on_start" text="Show on startup"/>
  <Text id="spl_wizard_new_splitter" text="Welcome to %4"/>
  <Text id="spl_wizard_medialib" text="Work with multiple files using the new Media Library"/>
  <Text id="spl_wizard_medialib_add" text="Drag files into the Media Library or click the + button to add files"/>
  <Text id="spl_wizard_modes" text="There are two operating modes. In &quot;Cut&quot; mode, the selected interval is cut from the file.\nIn &quot;Keep&quot; mode, everything is cut from the file except the selected interval"/>
  <Text id="spl_wizard_cut_check" text="Use &quot;Cut&quot; mode by default"/>
  <Text id="spl_wizard_preview_res" text="Preview the result before processing by using the &quot;Collapse Intervals Marked As Cut Out&quot; function.\nIntervals can be expanded by double-clicking a marker"/>
  <Text id="spl_wizard_collapse_check" text="Collapse intervals marked as cut out"/>
  <Text id="spl_wizard_sync" text="To speed up multiple files processing, have them placed automatically\non the timeline when adding to the MEDIA."/>
  <Text id="spl_wizard_sync_check" text="Sync up the MEDIA list with files on the timeline"/>
  <!--Special version-->
  <Text id="spl_valid_until" text="License valid until December 15, 2018"/>
  <Text id="spl_spec_version_expired" text="The special version has expired."/>
  <Text id="spl_spec_version_expired_1" text="Please visit Solveig Multimedia website\nto purchase full version."/>
  <Text id="spl_buy_full" text="Buy Full version"/>
  <Text id="spl_files_not_supported_or_damaged_1" text="This is a special version that only supports\nMP4 files with AVC/H.264 video."/>
  <!-- editing engine messages -->
  <Text id="IDS_STR_MSG_DESTINATION_FILE_HAS_NOT_BEEN_SET" text="Destination file has not been set"/>
  <Text id="IDS_STR_MSG_INPUT_FILE_HAS_NOT_BEEN_SET_PROPERLY_OR_DAMAGED" text="Input file has not been properly set or is damaged"/>
  <Text id="spl_err_invalid_data_c00d002f" text="Invalid or corrupt data was encountered"/>
  <!-- Collect Email dialog -->
  <Text id="spl_collect_email_offers" text="Favorable offers and discounts\nare waiting for you!"/>
  <Text id="spl_collect_email_subscribe" text="Write down your email to be in touch!"/>
  <Text id="spl_collect_email_usubscribe" text="You can unsubscribe at any time"/>
  <Text id="spl_subscribe" text="Subscribe"/>
  <Text id="spl_collect_email_fill_email" text="Please fill out the email address field correctly!"/>
  <Text id="spl_collect_email_invaild_format" text="Invalid e-mail format!"/>
  <Text id="spl_collect_email_failed" text="Subscription Failed!"/>
  <Text id="spl_collect_email_nointernet" text="No internet connection!"/>
  <Text id="lc_alreadyused_serial_number" text="This key is in use. Please deactivate your license on another computer"/>
  <Text id="lc_invalid_serial_number" text="This key is invalid. If you have any questions email us at support@solveigmm.com"/>

  <!-- UHD HEVC warning-->
  <Text id="spl_uhdhevcx64" text="We recommend to use x64 product version for UHD HEVC file"/>
  <Text id="spl_uhdhevcx64_get" text="Would you like to get it now?"/>
  <Text id="spl_show_uhdhevc_warnings" text="Show UHD HEVC warning"/>
  <Text id="spl_available_with_evr" text="This function available only with Enhanced Video Render!"/>
  <Text id="spl_available_with_d3d" text="This function available only with D3D capable video cards!"/>
	
</XMLLang>

