﻿<?xml version="1.0" encoding="UTF-8"?>
<XMLLang id="0" language="Русский (Russian)" version="1.0">
  <!-- Main menu-->
  <Text id="spl_file" text="Файл"/>
  <Text id="spl_edit" text="Правка"/>
  <Text id="spl_view" text="Вид" />
  <Text id="spl_zoom" text="Масштаб"/>
  <Text id="spl_navigation" text="Навигация"/>
  <Text id="spl_control" text="Управление"/>
  <Text id="spl_tools" text="Инструменты"/>
  <Text id="spl_help" text="Справка"/>
  <Text id="spl_open_file" text="Открыть файл мультимедиа..."/>
  <Text id="spl_add_media_file" text="Добавить файлы мультимедиа..."/>
  <Text id="spl_save_file_as" text="Сохранить файл как..."/>
  <Text id="spl_save_all_fragments_as" text="Сохранить все фрагменты как..."/>
  <Text id="spl_close" text="Закрыть"/>
  <Text id="spl_load_project" text="Загрузить проект..."/>
  <Text id="spl_save_project_as" text="Сохранить проект как..."/>
  <Text id="spl_save_project" text="Сохранить проект" />
  <Text id="spl_import" text="Импорт EDL..."/>
  <Text id="spl_load_batch_list" text="Загрузить список пакетной обработки..."/>
  <Text id="spl_save_batch_list_as" text="Сохранить список пакетной обработки как..."/>
  <Text id="spl_save_batch_list" text="Сохранить список пакетной обработки"/>
  <Text id="spl_recent_file" text="Последние файлы"/>
  <Text id="spl_clear_recent_history" text="Очистить историю"/>
  <Text id="spl_clear_recent_history_question" text="Вы уверены, что хотите очистить список последних файлов?"/>
  <Text id="spl_exit" text="Выход"/>
  <Text id="spl_undo" text="Отменить"/>
  <Text id="spl_redo" text="Повторить"/>
  <Text id="spl_stop" text="Стоп"/>
  <Text id="spl_play" text="Проиграть"/>
  <Text id="spl_pause" text="Пауза"/>
  <Text id="spl_add_marker" text="Добавить маркер"/>
  <Text id="spl_delete_marker" text="Удалить маркер(ы)"/>
  <Text id="spl_delete_marker_or_markers" text="Удалить маркер(ы)"/>
  <Text id="spl_keep_fragment" text="Пометить фрагмент на сохранение"/>
  <Text id="spl_cut_out_fragment" text="Пометить фрагмент на удаление"/>
  <Text id="spl_cut_out_prev_fragment" text="Пометить предыдущий фрагмент на удаление"/>
  <Text id="spl_clear_all_markers" text="Удалить все маркеры"/>
  <Text id="spl_invert_time_line_fragments" text="Инвертировать фрагменты на временной шкале"/>
  <Text id="spl_act_set_audio_silence" text="Установить аудио тишину" />
  <Text id="spl_act_set_audio_silence_off" text="Отключить аудио тишину" />
  <Text id="spl_calc_destination_file_size" text="Рассчитать размер выходного файла"/>
  <Text id="spl_split_into_fragmets_outputdlg_capt" text="Сохранить файлы как; Файлы будут перенумерованы..." />
  <Text id="spl_start_trimming" text="Старт"/>
  <Text id="spl_move_scaled_area_right" text="Переместить по временной шкале вправо"/>
  <Text id="spl_move_scaled_area_left" text="Переместить по временной шкале влево"/>
  <Text id="spl_move_zoom_in" text="Увеличить масштаб"/>
  <Text id="spl_move_zoom_out" text="Уменьшить масштаб"/>
  <Text id="spl_maximize_zoom" text="Максимальный масштаб"/>
  <Text id="spl_reset_zoom" text="Сброс масштаба"/>
  <Text id="spl_next_k_frame" text="Следующий ключевой кадр"/>
  <Text id="spl_previous_k_frame" text="Предыдущий ключевой кадр"/>
  <Text id="spl_next_frame" text="Следующий кадр"/>
  <Text id="spl_previous_frame" text="Предыдущий кадр"/>
  <Text id="spl_jump_to_2_min_forward" text="Перейти вперед на "/>
  <Text id="spl_jump_to_2_min_backward" text="Перейти назад на "/>
  <Text id="spl_step" text="Шаг"/>
  <Text id="spl_min" text=" мин. "/>
  <Text id="spl_sec" text=" сек."/>
  <Text id="spl_jump_to_1_20th_forward" text="Перейти вперед на 1/20 общей длительности"/>
  <Text id="spl_jump_to_1_20th_backward" text="Перейти назад на 1/20 общей длительности"/>
  <Text id="spl_jump_to_movie_end" text="Перейти к концу фильма"/>
  <Text id="spl_jump_to_movie_start" text="Перейти к началу фильма"/>
  <Text id="spl_select_next_marker" text="Выбрать следующий маркер"/>
  <Text id="spl_select_previous_marker" text="Выбрать предыдущий маркер"/>
  <Text id="spl_select_slider_cursor" text="Сделать курсор активным"/>
  <Text id="spl_frame_accuracy_smart_mode" text="Точность до кадра (Умный режим)"/>
  <Text id="spl_obey_sample_times" text="Доверять временным меткам сэмплов"/>
  <Text id="spl_ignore_trimming_errors" text="Игнорировать ошибки редактирования"/>
  <Text id="spl_slider_k_frame_positioning" text="Привязывать курсор к предыдущему ключевому кадру"/>
  <Text id="spl_markers_k_frame_positioning" text="Привязывать маркер к предыдущему ключевому кадру"/>
  <Text id="spl_join_manager" text="Менеджер склейки"/>
  <Text id="spl_history_list" text="История операций"/>
  <Text id="spl_index_mpeg_file" text="Индексирование MPEG файла"/>
  <Text id="spl_index_mpeg_files_from_playlist" text="Индексировать файлы из медиатеки"/>
  <Text id="spl_show_preview_filters" text="Показать фильтры просмотра"/>
  <Text id="spl_time_calculator" text="Калькулятор времени"/>
  <Text id="spl_start_stop_time_tasks" text="Установить время начала/конца интервала для задачи"/> 
  <Text id="spl_shift_trimming_intervals" text="Сдвинуть времена интервалов"/>
  <Text id="spl_increasestart" text="Увеличить начальное время (смещение):"/>
  <Text id="spl_decreasestop" text="Уменьшить конечное время (смещение):"/>
  <Text id="spl_explore_folder" text="Открыть папку"/>
  <Text id="spl_preferences" text="Настройки..."/>
  <Text id="spl_show_batch_manager" text="Показать менеджер пакетной обработки"/>
  <Text id="spl_add_task_to_batch_queue" text="Добавить задачу в очередь пакетных заданий"/>
  <Text id="spl_automatically_set_output_file_name" text="Задавать имя выходного файла автоматически" />
  <Text id="spl_update_task" text="Обновление задачи"/>
  <Text id="spl_load_join_list" text="Загрузить список склейки..."/>
  <Text id="spl_save_join_list_as" text="Сохранить список склейки как..." />
  <Text id="spl_save_join_list" text="Сохранить список склейки"/>
  <Text id="spl_show_join_manager" text="Показать менеджер склейки"/>
  <Text id="spl_join_manager_toolbar" text="Панель менеджера склейки"/>
  <Text id="spl_input_folder" text="Исходного файла"/>
  <Text id="spl_output_folder" text="Конечного файла"/>
  <Text id="spl_input" text="Исходный файл"/>
  <Text id="spl_output" text="Конечный файл"/>
  <Text id="spl_help_topics" text="Справка..."/>
  <Text id="spl_keyboard_shortcuts" text="Горячие клавиши"/>
  <Text id="spl_video_splitter_on_web" text="Video Splitter в интернет"/>
  <Text id="spl_mnu_register" text="Регистрация..."/>
  <Text id="spl_check_for_updates" text="Проверить обновления..."/>
  <Text id="spl_mnu_about" text="О программе"/>
  <Text id="spl_current_position" text="Текущая позиция"/>
  <Text id="spl_file_inf" text="Файл:"/>
  <Text id="spl_duration" text="Продолжительность:"/>
  <Text id="spl_byte_size" text="Размер:"/>
  <Text id="spl_video_inf" text="Видео:"/>
  <Text id="spl_audio_inf" text="Аудио:"/>
  <Text id="spl_size_info" text="Размер:"/>
  <Text id="spl_selection" text="Фрагмент:"/>
  <Text id="spl_from" text="С"/>
  <Text id="spl_to" text="по"/>
  <Text id="spl_keep" text="сохранить"/>
  <Text id="spl_cut_out" text="вырезать"/>
  <Text id="spl_programs" text="Программы"/>
  <Text id="spl_program_number" text="Программа #"/>
  <Text id="spl_prg" text="Прог."/>
  <Text id="spl_25ms_forward" text="На 25 миллисекунд вперед"/>
  <Text id="spl_25ms_backward" text="На 25 миллисекунд назад"/>
  <Text id="spl_1s_forward" text="На секунду вперед"/>
  <Text id="spl_1s_backward" text="На секунду назад"/>
  <Text id="spl_batch_manager" text="Менеджер пакетной обработки"/>
  <Text id="spl_logging" text="Ведение журнала"/>
  <Text id="spl_enable_logs" text="Включить журнал"/>
  <Text id="spl_browse_logs" text="Просмотр журнала"/>
  <Text id="spl_clear_logs" text="Очистить журнал"/>
  <Text id="spl_batch_log" text="Журнал"/>
  <Text id="spl_smm_web_forum" text="Веб-форум Solveig Multimedia"/>
  <Text id="spl_smm_web_page" text="Веб-страница Solveig Multimedia"/>
  <Text id="spl_splitter_web_page" text="Веб-страница Video Splitter"/>
  <Text id="spl_index_mpeg_files_in_a_folder" text="Индексировать файлы в папке..." />
  <Text id="spl_ask_for_support" text="Получить поддержку" />
  <Text id="spl_online_forum" text="Онлайн форум" />
  <Text id="spl_online_howto" text="Онлайн инструкции" />
  <Text id="spl_products_comparision" text="Сравнение продуктов" />
  <Text id="spl_time_format" text="Формат времени" />
  <Text id="spl_show_frames" text="Показывать раскадровку" />
  <Text id="spl_panels" text="Панели" />
  <Text id="spl_maps" text="Карты" />
  <Text id="spl_show_audiocurve" text="Показывать форму звуковой волны" />
  <Text id="spl_show_format_switch_warnings" text="Показывать предупреждения переключения формата времени" />
  <Text id="spl_time_and_frames" text="Время и кадры (ч:мин:с;кадры)" />
  <Text id="spl_time_mode" text="Время (ч:мин:с,мс)" />
  <Text id="spl_is_not_licenced" text="Video Splitter не активирован" />
  <Text id="spl_panel_input_output_information" text="Информационная панель" />
  <Text id="spl_panel_navigation" text="GPS навигация" />
  <Text id="spl_panel_navigation_sensors" text="Датчики в панели GPS навигации" />
  <Text id="spl_slicing" text="Разрезание на части..." />
  <Text id="spl_total_proc_time" text="Общее время операции" />
  <Text id="spl_mute" text="Выключить звук"/>
  <Text id="spl_unmute" text="Включить звук"/>
  <Text id="spl_player" text="Player"/>
  <!-- Context menu-->
  <Text id="spl_show_program" text="Показать программу"/>
  <Text id="spl_show_progress" text="Показать прогресс"/>
  <Text id="spl_exit_program" text="Выход из программы"/>
  <Text id="spl_delete_selected_fragment" text="Удалить выделенный фрагмент"/>
  <Text id="spl_show_fragment_in_video_splitter" text="Показать фрагмент в Video Splitter"/>
  <Text id="spl_save_selected_fragment_as" text="Сохранить выбранный фрагмент как..."/>
  <Text id="spl_add_new_marker" text="Добавить маркер"/>
  <Text id="spl_save_log_as" text="Сохранить журнал как"/>
  <Text id="spl_write_log_file" text="Создать файл журнала"/>
  <Text id="spl_copy_log_to_clipboard" text="Копировать журнал в буфер обмена"/>
  <Text id="spl_hide_log" text="Скрыть журнал"/>
  <Text id="spl_clear_log" text="Очистить журнал"/>
  <Text id="spl_copy_to_clipboard" text="Копировать в буфер обмена"/>
  <Text id="spl_past_from_clipboard" text="Вставить из буфера обмена"/>
  <Text id="spl_change_dest_file_name" text="Задать имя выходного файла..."/>
  <Text id="spl_copy_dest_file_name" text="Копировать имя выходного файла"/>
  <Text id="spl_change_source_file_name" text="Изменить имя исходного файла..."/>
  <Text id="spl_copy_source_file_name" text="Копировать имя исходного файла"/>
  <Text id="spl_save_task_list_as" text="Сохранить список пакетной обработки как..."/>
  <Text id="spl_save_task_list" text="Сохранить список пакетной обработки" />
  <Text id="spl_load_task_list" text="Загрузить список пакетной обработки..."/>
  <Text id="spl_open_task_list_in_notepad" text="Открыть список пакетной обработки в блокноте"/>
  <Text id="spl_start_batch_processing" text="Запуск пакетной обработки"/>
  <Text id="spl_start_batch_processing_for_selected" text="Запуск пакетной обработки для выбранных задач"/>
  <Text id="spl_batch_preferences" text="Настройки"/>
  <Text id="spl_show_log" text="Показать журнал"/>
  <Text id="spl_delete_selected_tasks" text="Удалить выбранные задачи"/>
  <Text id="spl_edit_task_with_video_splitter" text="Редактировать клип в Video Splitter"/>
  <Text id="spl_select_all" text="Выбрать все"/>
  <Text id="spl_change_selected_tasks_out_folder" text="Изменить папку выбранных задач"/>
  <Text id="spl_audio_selected_tasks" text="Отключить аудио на выбранных задачах" />
  <Text id="spl_video_selected_tasks" text="Отключить видео на выбранных задачах" />
  <Text id="spl_change_file_name" text="Изменить имя файла..."/>
  <Text id="spl_open_in_video_splitter" text="Открыть в %4"/>
  <Text id="spl_explore_file_folder" text="Открыть папку файла" />
  <Text id="spl_start_processing" text="Начать обработку" />
  <Text id="spl_browse_file" text="Открыть папку с файлом"/>
  <Text id="spl_make_screenshot" text="Получить скриншот" />
  <Text id="spl_browse_screenshot" text="Открыть скриншот" />
  <Text id="spl_delete_file_from_timeline" text="Удалить выбранный файл"/>
  <Text id="spl_delete_all_files_from_timeline" text="Удалить все файлы"/>
  <Text id="spl_medialib_add_media_files" text="Добавить файлы мультимедиа"/>
  <Text id="spl_medialib_index_files" text="Индексировать выбранные"/>
  <Text id="spl_flipvideohorizontally" text="Перевернуть видео по горизонтали"/>
  <!-- Edit menu-->
  <Text id="spl_edit_menu_cut" text="Вырезать"/>
  <Text id="spl_edit_menu_copy" text="Копировать"/>
  <Text id="spl_edit_menu_paste" text="Вставить"/>
  <Text id="spl_edit_menu_selectall" text="Выделить Все"/>
  <!-- Button captions-->
  <Text id="spl_inv" text="инв"/>
  <Text id="spl_save" text="Сохранить"/>
  <Text id="spl_browse_output" text="Открыть папку с выходным файлом"/>
  <Text id="spl_register" text="Регистрация"/>
  <Text id="spl_later" text="Позднее"/>
  <Text id="spl_start" text="Старт"/>
  <Text id="spl_increment_value" text="Увеличение"/>
  <Text id="spl_decrement_value" text="Уменьшение"/>
  <Text id="spl_google_maps" text="Google карты" />
  <Text id="spl_yandex_maps" text="Яндекс карты" />
  <Text id="spl_baidu_maps" text="Baidu карты" />
  <Text id="spl_front_camera" text="Передняя камера" />
  <Text id="spl_rear_camera" text="Задняя камера" />
  <Text id="spl_enter_fullscreen" text="Полный экран"/>
  <Text id="spl_leave_fullscreen" text="Выход из полноэкранного режима"/>
  <Text id="spl_add_marker_begin" text="Добавить маркер начала"/>
  <Text id="spl_add_marker_end" text="Добавить маркер конца"/>
  <Text id="spl_marker_keep" text="Сохранить"/>
  <Text id="spl_marker_cut" text="Вырезать"/>
  <Text id="spl_browse_output_final" text="Показать в папке"/>
  <!-- About-->
  <Text id="spl_about" text="О программе"/>
  <Text id="spl_version" text="Версия"/>
  <Text id="spl_web_site_title" text="Веб-сайт Solveig Multimedia"/>
  <Text id="spl_hc_web_site_title" text="Веб-сайт HyperCam"/>
  <Text id="spl_all_rights_reserved" text="Все права защищены"/>
  <Text id="spl_copyright" text="Copyright"/>
  <Text id="spl_check_update" text="Обновление"/>
  <Text id="spl_copy_version_info" text="Данные в буфер"/>
  <Text id="spl_installation_version" text="Установленная версия"/>
  <Text id="spl_status" text="Статус" />
  <Text id="lc_dlg_licensed_to" text="Лицензия на:" />
  <Text id="lc_dlg_lic_expr" text="Окончание действия:"/>
  <Text id="lc_dlg_del_lic" text="Удалить лицензию"/>
  <Text id="lc_dlg_backup_lic" text="Сохранить в файл"/>
  <Text id="lc_dlg_never" text="Никогда"/>
  <Text id="lc_activation_key" text="Код активации" />
  <Text id="lc_dlg_delete_lic" text="Предупреждение: Это действие безвозвратно удалит вашу лицензию с этого компьютера. Вы действительно хотите это сделать?"/>
  <Text id="lc_dlg_delete_lic2" text="Лицензию следует удалять, только если вы хотите оставить нелицензированная копию данной программы на этом компьютере, например, чтобы кто-то еще мог ее опробовать. Нажмите ОК для подтверждения удаления лицензии."/>
  <Text id="lc_dlg_dellic_err" text="Ошибка: не удалось удалить лицензию, в доступе отказано. Попробуйте удалить ее в режиме &quot;Запуск с правами администратора&quot;."/>
  <Text id="lc_dlg_backup_lc_copy_failed" text="Не удалось скопировать файл лицензии в указанную папку. Диск или папка может быть предназначена только для чтения, защищена от записи или не иметь свободного места. Исправьте ошибку и попробуйте снова."/>
  <!-- AudioListCtrl-->
  <Text id="spl_source_file" text="Исходный файл"/>
  <Text id="spl_dest_file" text="Конечный файл"/>
  <Text id="spl_fragments" text="Фрагменты"/>
  <Text id="spl_full_time" text="Полное время"/>
  <Text id="spl_start_time" text="Время старта"/>
  <Text id="spl_end_time" text="Время окончания"/>
  <Text id="spl_audio" text="Аудио"/>
  <Text id="spl_samples_per_sec" text="Сэмплы/Сек"/>
  <Text id="spl_mode" text="Режим"/>
  <Text id="spl_bitrate" text="Битрейт"/>
  <Text id="spl_video" text="Видео"/>
  <Text id="spl_width" text="Ширина"/>
  <Text id="spl_height" text="Высота"/>
  <Text id="spl_vcodecprivatedata" text="VCodecPrivateData"/>
  <Text id="spl_video_streams_count" text="Количество видео потоков" />
  <Text id="spl_video_stream_num" text="Номер видео потока" />
  <Text id="spl_audio_streams_count" text="Количество аудио потоков" />
  <Text id="spl_audio_stream_num" text="Номер аудио потока" />
  <Text id="spl_text_streams_count" text="Количество потоков субтитров" />
  <Text id="spl_text_stream_num" text="Номер потока субтитров" />
  <Text id="spl_text" text="Субтитры" />
  <Text id="spl_type" text="Тип"/>
  <Text id="spl_yes" text="Да"/>
  <Text id="spl_yestoall" text="Да для всех"/>
  <Text id="spl_no" text="Нет"/>
  <Text id="spl_size" text="Размер"/>
  <Text id="spl_time" text="Время"/>
  <Text id="spl_none" text="НЕТ"/>
  <Text id="spl_not_used" text="[не используется]"/>
  <Text id="spl_copy_output_filename" text="Копировать имя выходного файла"/>
  <Text id="spl_copy_soutce_filename" text="Копировать имя исходного файла"/>
  <Text id="spl_add_file" text="Добавить файл"/>
  <Text id="spl_delete_selected_items" text="Удалить выбранные элементы"/>
  <Text id="spl_clear_list" text="Очистить список"/>
  <Text id="spl_start_joining" text="Запустить процесс склейки"/>
  <Text id="spl_move_up" text="Переместить вверх"/>
  <Text id="spl_move_down" text="Переместить вниз"/>
  <Text id="spl_error" text="ОШИБКА"/>
  <Text id="spl_err_no_disk_space" text="Недостаточно места на диске!"/>
  <Text id="spl_delete_all_cnfm" text="Хотите удалить все элементы из списка?"/>
  <Text id="spl_joiner_list" text="Список склейки"/>
  <!-- Join Manager dialog-->
  <Text id="spl_wr_no_media_files_found_for_join" text="Не найдены медиа файлы для объединения!" />
  <Text id="spl_wr_joiner_manager" text="Предупреждение менеджера"/>
  <Text id="spl_err_invalid_folder" text="Задана недопустимая папка!"/>
  <Text id="spl_err_video_edit_engine" text="Ошибка SolveigMM Video Editing Engine"/>
  <Text id="spl_add_media_files" text="Добавить мультимедиа файлы"/>
  <Text id="spl_delete_selected" text="Удалить выбранные"/>
  <Text id="spl_move_selected_up" text="Переместить выбранные вверх"/>
  <Text id="spl_move_selected_down" text="Переместить выбранные вниз"/>
  <Text id="spl_set_output_file_name" text="Установить имя выходного файла"/>
  <Text id="spl_add_folder" text="Добавить папку"/>
  <Text id="spl_wr_joining_projects" text="Проекты склейки"/>
  <Text id="spl_default_joining_prj_file_name" text="Список"/>
  <Text id="spl_save_joining_prj_dlg_title" text="Сохранить проект склейки как..."/>
  <Text id="spl_wr_file_exists" text="Следующий файл уже существует:\n&quot;"/>
  <Text id="spl_wr_overwrite_question" text="&quot;\n\nВы хотите перезаписать этот файл?"/>
  <Text id="spl_err_invalid_project_file" text="Недопустимый файл проекта."/>
  <Text id="spl_err_non_joining_task" text="Файл проекта содержит задачи не для склейки."/>
  <Text id="spl_err_different_formats" text="Некоторые аудио или видео потоки имеют различные\nформаты (см колонки &quot;Аудио&quot; и &quot;Видео&quot;), или\nимеют несовместимые параметры!\n\nСклейка будет отменена!"/>
  <Text id="spl_wr_different_parameters" text="Некоторые из выбранных дорожек имют разные параметры!\nВожможны проблемы при проигрывании полученного файла.\n Хотите продолжить? "/>
  <Text id="spl_joined" text="Joined"/>
  <Text id="spl_choose_file_name_dlg_title" text="Выбрать имя файла склейки:"/>
  <Text id="spl_wr_browse_output_question" text="Хотите просмотреть выходной файл?"/>
  <Text id="spl_wr_choose_media_folder" text="Выбрать папку с медиа файлами"/>
  <Text id="spl_cant_render_read_howto_link" text="Прочитать как это исправить"/>
  <Text id="spl_mn_open_dst_file_in_spl" text="Открыть выходной файл в Video Splitter"/>
  <Text id="spl_mn_open_src_file_in_spl" text="Открыть исходный файл в Video Splitter"/>
  <Text id="spl_err_different_pl_parameters" text="Файлы имеют различные параметры! Возможны проблемы  во время воспроизведения выходного файла"/>
  <Text id="spl_err_incompatible_parameters" text="Различные форматы или несовместимые параметры (см. колонки &quot;Аудио&quot;,&quot;Видео&quot;или &quot;Тип&quot;)! Нельзя присоединить!"/>
  <Text id="spl_unmatch_timeline_content_information" text="Некоторые файлы пропущены:\nGPS данные отсутствуют или не совпадают."/>
  <Text id="spl_unmatch_timeline_second_camera_content_information" text="Некоторые файлы пропущены:\nНе найдено видео дополнительной камеры."/>
  <Text id="spl_unmatch_list_content_information" text="Некоторые файлы пропущены:\nПараметры файла не совпадают с параметрами файлов из списка."/>
  <!-- Join Manager Toolbar dialog-->
  <Text id="spl_hide_join_manager" text="Скрыть менеджер склейки"/>
  <Text id="spl_cancel_joining" text="Отменить склейку"/>
  <!-- Preferences dialog-->
  <Text id="spl_preferences_dlg_title" text="Настройки"/>
  <Text id="spl_profile_name" text="Имя профиля"/>
  <Text id="spl_ok" text="OK"/>
  <Text id="spl_cancel" text="Отмена"/>
  <Text id="spl_save" text="Сохранить" />
  <Text id="spl_dontsave" text="Не сохранять"/>
  <Text id="spl_import_settings_from_file" text="Импортировать настройки"/>
  <Text id="spl_export_settings_to_file" text="Экспортировать настройки"/>
  <Text id="spl_reset_to_defaults" text="Настройки по умолчанию" />
  <Text id="spl_hotkey_attached_to" text="Эта горячая клавиша, уже присоединена к"/>
  <Text id="spl_clear_old_horkey" text="Очистить старую горячую клавишу?"/>
  <Text id="spl_configuration" text="Конфигурация"/>
  <Text id="spl_preferences_files" text="Файлы настроек"/>
  <Text id="spl_hk_tools_batchmanager" text="Инструменты-&gt; Менеджер пакетной обработки"/>
  <Text id="spl_hk_tools" text="Инструменты" />
  <Text id="spl_hk_preferences" text="Настройки" />
  <!-- Filter Information dialog-->
  <Text id="spl_version_info" text="версия:"/>
  <Text id="spl_state_info" text="состояние:"/>
  <Text id="spl_path_info" text="путь:"/>
  <Text id="spl_not_registered" text="не зарегистрирован"/>
  <Text id="spl_registered" text="Зарегистрирован"/>
  <!-- History List dialog-->
  <Text id="spl_history_list_dialog_title" text="Список истории"/>
  <Text id="spl_history_begin" text="Начало истории"/>
  <Text id="spl_move_to_position" text="На позицию"/>
  <Text id="spl_move_to_refresh" text="Обновить"/>
  <Text id="spl_clear_history" text="Очистить историю"/>
  <Text id="spl_act_clear_all_markers" text="Удалить все маркеры"/>
  <Text id="spl_act_keep_fragment" text="Пометить фрагмент на сохранение"/>
  <Text id="spl_act_cut_out_fragment" text="Пометить фрагмент на удаление"/>
  <Text id="spl_act_invert_time_line_fragments" text="Инвертировать фрагменты на временной шкале"/>
  <Text id="spl_act_slider_k_frame_positioning_check" text="&quot;Курсор на предыдущий ключевой кадр&quot;"/>
  <Text id="spl_act_slider_k_frame_positioning_uncheck" text="Снять курсор с предыдущего ключевого кадра"/>
  <Text id="spl_act_markers_k_frame_positioning_check" text="Проверить расположение маркеров ключевого кадра"/>
  <Text id="spl_act_markers_k_frame_positioning_uncheck" text="Снять маркер ключевого кадра"/>
  <Text id="spl_act_add_marker" text="Добавить маркер"/>
  <Text id="spl_act_add_marker_and_invert" text="Добавить маркер + Инвертировать фрагмент"/>
  <Text id="spl_act_move_marker" text="Переместить маркер"/>
  <!-- HotKeys dialog-->
  <Text id="spl_hotkeys" text="Горячие клавиши"/>
  <Text id="spl_hot_key_settings" text="Горячие клавиши"/>
  <Text id="spl_hot_key_desc" text="Горячие клавиши, которые вы можете использовать в приложении"/>
  <Text id="spl_current_profile" text="Текущий профиль:"/>
  <Text id="spl_save_as" text="Сохранить как..."/>
  <Text id="spl_remove" text="Удалить"/>
  <Text id="spl_action" text="Действие"/>
  <Text id="spl_hotkey" text="Горячая клавиша"/>
  <Text id="spl_set" text="Установить"/>
  <Text id="spl_clear" text="Удалить"/>
  <Text id="spl_restore_default" text="Восстановить"/>
  <Text id="spl_default_profile" text="По умолчанию"/>
  <Text id="spl_wr_change_default_profile" text="Выбранный профиль по умолчанию и не может быть изменен.\nВы хотите сделать копию этого профиля?"/>
  <Text id="spl_err_cannot_register_hotkey" text="Не удается регистрировать горячую клавишу"/>
  <Text id="spl_err_profile_name_exists" text="Имя профиля уже существует"/>
  <Text id="spl_err_delete_default_profile" text="Не удается удалить профиль по умолчанию"/>
  <Text id="spl_err_invalid_interval" text="Выбран неверный интервал. Пожалуйста, измените границы!"/>
  <Text id="spl_wr_delete_frofile" text="профиль будет удален."/>
  <Text id="spl_delete_frofile" text="Удаление профиля"/>
  <Text id="spl_file_operations" text="File Operations"/>
  <Text id="spl_hk_open_media_file" text="Открыть файл мультимедиа"/>
  <Text id="spl_hk_save_media_file_as" text="Сохранить файл как"/>
  <Text id="spl_hk_load_project" text="Загрузить проект"/>
  <Text id="spl_hk_save_project_as" text="Сохранить проект как"/>
  <Text id="spl_hk_save_project" text="Сохранить проект" />
  <Text id="spl_hk_load_task_list" text="Загрузить список пакетной обработки"/>
  <Text id="spl_hk_save_task_list_as" text="Сохранить список пакетной обработки как" />
  <Text id="spl_hk_save_task_list" text="Сохранить список пакетной обработки"/>
  <Text id="spl_hk_play_pause" text="Воспроизведение/Пауза"/>
  <Text id="spl_hk_calc_dest_file_size" text="Рассчитать размер выходного файла"/>
  <Text id="spl_ctrl" text="Ctrl"/>
  <Text id="spl_shift" text="Shift"/>
  <Text id="spl_alt" text="Alt"/>
  <Text id="spl_tab" text="Tab"/>
  <Text id="spl_hk_pause" text="Пауза"/>
  <Text id="spl_capslock" text="Caps Lock"/>
  <Text id="spl_space" text="Space"/>
  <Text id="spl_end" text="End"/>
  <Text id="spl_home" text="Home"/>
  <Text id="spl_left" text="Left"/>
  <Text id="spl_up" text="Up"/>
  <Text id="spl_right" text="Right"/>
  <Text id="spl_down" text="Down"/>
  <Text id="spl_print" text="Print"/>
  <Text id="spl_printscreen" text="Print Screen"/>
  <Text id="spl_insert" text="Insert"/>
  <Text id="spl_delete" text="Delete"/>
  <Text id="spl_num0" text="Num 0"/>
  <Text id="spl_num1" text="Num 1"/>
  <Text id="spl_num2" text="Num 2"/>
  <Text id="spl_num3" text="Num 3"/>
  <Text id="spl_num4" text="Num 4"/>
  <Text id="spl_num5" text="Num 5"/>
  <Text id="spl_num6" text="Num 6"/>
  <Text id="spl_num7" text="Num 7"/>
  <Text id="spl_num8" text="Num 8"/>
  <Text id="spl_num9" text="Num 9"/>
  <Text id="spl_nummult" text="Num *"/>
  <Text id="spl_numdiv" text="Num /"/>
  <Text id="spl_numadd" text="Num +"/>
  <Text id="spl_numsubst" text="Num -"/>
  <Text id="spl_numdel" text="Num Del"/>
  <Text id="spl_f1" text="F1"/>
  <Text id="spl_f2" text="F2"/>
  <Text id="spl_f3" text="F3"/>
  <Text id="spl_f4" text="F4"/>
  <Text id="spl_f5" text="F5"/>
  <Text id="spl_f6" text="F6"/>
  <Text id="spl_f7" text="F7"/>
  <Text id="spl_f8" text="F8"/>
  <Text id="spl_f9" text="F9"/>
  <Text id="spl_f10" text="F10"/>
  <Text id="spl_f11" text="F11"/>
  <Text id="spl_f12" text="F12"/>
  <Text id="spl_numlock" text="Num Lock"/>
  <Text id="spl_scrolllock" text="Scroll Lock"/>
  <Text id="spl_pageup" text="Page Up"/>
  <Text id="spl_pagedown" text="Page Down"/>
  <!-- Indexer dialog-->
  <Text id="spl_question_use_index" text="Индекс медиа файла найден. Хотите его использовать?"/>
  <Text id="spl_question_reindex" text="Хотите индексировать медиа файл?"/>
  <Text id="spl_question_indexer" text="Файл не индексирован. Хотите индексировать?"/>
  <Text id="spl_question_indexer_mpeg2" text="Индекс MPEG2 найден. Хотите использовать?"/>
  <Text id="spl_wr_indexer_output_file" text="Пожалуйста, выберите папку для сохранения перемуксированного файла"/>
  <Text id="spl_index_initial_file" text="Индексирование исходного файла"/>
  <Text id="spl_index_by_remuxing" text="Индексирование перемуксированием"/>
  <!-- Information dialog-->
  <Text id="spl_info_unregistered" text="Вы используете незарегистрированную копию HyperCam."/>
  <Text id="spl_wr_register" text="Зарегистрируйте свою копию."/>
  <Text id="spl_hc_page" text="HyperCam page"/>
  <Text id="spl_buynow" text="Купить"/>
  <Text id="spl_activate" text="Активировать"/>
  <Text id="spl_wr_21_day_evaluation" text="Это %d - дневная\nознакомительная\nверсия"/>
  <Text id="spl_wr_evaluation_expired" text="Период пробного\nиспользования\nзакончился,\nкупите лицензию"/>
  <Text id="spl_wr_please_contact_us" text="В случае вопросов,\nсвяжитесь с нами"/>
  <Text id="spl_thanks" text="Спасибо за выбор\n%4"/>
  <Text id="spl_for_a_new_version_visit" text="Для проверки новой\nверсии посетите\nсайт"/>
  <Text id="spl_wr_daysLeft" text="Осталось дней:" />
  <Text id="spl_quit" text="Выход" />
  <Text id="spl_trial_version_allows_launch" text="Пробная версия позволяет запускать операции 3 раза" />
  <Text id="spl_leftlaunches" text="Осталось запусков:" />
  <Text id="spl_for_futher_using" text="Для дальнейшего использования необходимо активировать или перезапустить программу" />
  <Text id="spl_eval_restrictions" text="Ограничения пробного периода:"/>
  <Text id="spl_eval_watermark" text="Водяной знак на перекодированной части"/>
  <Text id="spl_eval_result_duration" text="Макс. длительность выходного файла - 30 мин."/>
  <Text id="spl_eval_slicing_list_size" text="Макс. количество файлов для нарезки на части - 5"/>
  <Text id="spl_eval_operation_number" text="It is allowed to launch operations 3 times only"/>
  <!-- Open source & set target file dialogs-->
  <Text id="spl_dont_index_now" text="Не индексировать"/>
  <Text id="spl_dont_start_now" text="Не запускать. Добавить в очередь пакетной обработки"/>
  <Text id="spl_save_all_keep" text="Сохранять Keep фрагменты независимо"/>
  <Text id="spl_save_all_cut" text="Сохранять Cut фрагменты независимо"/>
  <Text id="spl_save_options" text="Опции:"/>
  <Text id="spl_other_options" text="Другие опции:"/>
  <!-- Progress dialog-->
  <Text id="spl_hide" text="Скрыть"/>
  <Text id="spl_status_calc_file_size" text="Расчет размера файла..."/>
  <Text id="spl_status_indexing_source_file" text="Индексация исходного файла..."/>
  <Text id="spl_status_remuxing_source_file" text="Мультиплексировать исходный файл..."/>
  <Text id="spl_status_joining_files" text="Прогресс склейки... "/>
  <Text id="spl_status_splitting" text="Прогресс редактирования..."/>
  <Text id="spl_status_indexing_sequence" text="Прогресс индексирования..." />
  <Text id="spl_status_validating_source_file" text="Проверка исходного файла..." />
  <Text id="spl_status_analyzing_source_file" text="Анализ медиа файла..." />
  <Text id="spl_status_processing_task" text="Обработка задачи -"/>
  <Text id="spl_status_processing_file" text="Processing file -"/>
  <Text id="spl_status_writing_file" text="Запись файла #"/>
  <Text id="spl_status_split_into_fragments" text="Прогресс редактирования..." />
  <Text id="spl_status_elapsed_time" text="Времени прошло" />
  <Text id="spl_status_left_time" text="Времени осталось" />
  <Text id="spl_status_more_details" text="Подробно" />
  <Text id="spl_status_fewer_details" text="Коротко" />
  <Text id="spl_batch_list" text="Cписок пакетной обработки"/>
  <!-- Show Filter Info dialog-->
  <Text id="spl_show_filters_info_dlg_title" text="Просмотр фильтров Direct Show"/>
  <Text id="spl_properties" text="Свойства"/>
  <Text id="spl_copy_all" text="Копировать все"/>
  <Text id="spl_save_all" text="Сохранить все"/>
  <Text id="spl_name" text="Имя"/>
  <Text id="spl_path" text="Путь"/>
  <Text id="spl_copy_all_to_clipboard" text="Копировать все в буфер обмена"/>
  <Text id="spl_save_all_as" text="Сохранить все как..."/>
  <Text id="spl_text_documents" text="Текстовые документы"/>
  <Text id="spl_filters" text="Фильтры"/>
  <Text id="spl_err_cant_create_file" text="Не удается создать файл"/>
  <Text id="spl_err_cant_write_file" text="Не удается записать файл"/>
  <Text id="spl_err_cant_create_directory" text="Не удается создать директорию"/>
  <!-- Ask Before Trim dialog-->
  <Text id="spl_task_video_splitter_trimming" text="Редактирование в Video Splitter"/>
  <Text id="spl_task_batch_processing" text="Пакетную обработку"/>
  <Text id="spl_question_start" text="Что бы вы хотели начать?"/>
  <Text id="spl_task_count" text="Количество задач в очереди: %d." />
  <!-- CDialogSplitByTimeSizeParts-->
  <Text id="spl_split_tsp_title" text="Разрезание на части" />
  <Text id="spl_split_tsp_files" text="Файлы:" />
  <Text id="spl_split_tsp_slicingopts" text="Настройки разрезания на части"/>
  <Text id="spl_split_tsp_split_project" text="Разбить текущий проект"/>
  <Text id="spl_split_tsp_split_file" text="Разбить весь файл"/>
  <Text id="spl_split_tsp_duration" text="Продолжительность (ч:мин:с)" />
  <Text id="spl_split_tsp_size" text="Размер" />
  <Text id="spl_split_tsp_by_duration" text="По продолжительности" />
  <Text id="spl_split_tsp_by_size" text="По размеру" />
  <Text id="spl_split_tsp_into_equal_parts"  text="На равные части" />
  <Text id="spl_split_tsp_size_gb" text="ГБ" />
  <Text id="spl_split_tsp_size_mb" text="МБ" />
  <Text id="spl_split_tsp_size_kb" text="КБ" />
  <Text id="spl_split_tsp_size_b" text="Байты" />
  <Text id="spl_split_tsp_size_gb_short" text="ГБ" />
  <Text id="spl_split_tsp_size_mb_short" text="МБ" />
  <Text id="spl_split_tsp_size_kb_short" text="KБ" />
  <Text id="spl_split_tsp_size_b_short" text="Б" />
  <Text id="spl_split_tsp_time_should_be_more_than_zero" text="Значение времени должно быть больше нуля!" />
  <Text id="spl_split_tsp_size_should_be_more_than_zero" text="Значение размера должно быть больше нуля!" />
  <Text id="spl_split_tsp_drop_files" text="[ Перетащите файлы сюда ]"/>
  <Text id="spl_split_tsp_add" text="Добавить"/>
  <Text id="spl_split_tsp_remove" text="Убрать"/>
  <Text id="spl_split_tsp_move_up" text="Передвинуть вверх"/>
  <Text id="spl_split_tsp_move_down" text="Передвинуть вниз"/>
  <Text id="spl_split_tsp_remove_all" text="Убрать все"/>
  <Text id="spl_split_tsp_slicing_limit" text="В ознакомительной версии количество файлов для разрезания на части ограничено 5-ю"/>
  <Text id="spl_split_tsp_size_cd" text="CD - 700 Mb" />
  <Text id="spl_split_tsp_size_dvd" text="DVD - 4,7 Gb" />
  <Text id="spl_split_tsp_size_bd" text="BD(mini 8 cm) - 7,8 Gb" />
  <Text id="spl_split_tsp_min" text="мин." />
  <Text id="spl_split_tsp_browse_output_question" text="Хотите посмотреть выходные файлы?" />
  <!-- Dialog Recover Project Files-->
  <Text id="spl_pfr_files" text="Доступные файлы:"/>
  <Text id="spl_pfr_title" text="Восстановление проектных файлов"/>
  <Text id="spl_pfr_has_recovered" text="Video Splitter восстановил следующие файлы."/>
  <Text id="spl_pfr_save_to_keep" text="Сохраните требуемые."/>
  <Text id="spl_pfr_menu_open" text="Открыть"/>
  <Text id="spl_pfr_last_project" text="Последний_проект"/>
  <Text id="spl_pfr_deletebackupproject" text="Хотите удалить резервную копию проекта?"/>
  <Text id="spl_pfr_deletebackupprojects" text="Хотите удалить резервные копии проектов?"/>
  <!-- Dialog Stream Selection-->
  <Text id="spl_streamselection" text="Выберите потоки..."/>
  <Text id="spl_stream_selection_please_select" text="Пожалуйста, выберите потоки для просмотра &amp; редактирования..."/>
  <Text id="spl_stream_selection_please_select_trimm" text="Пожалуйста, выберите потоки для резки..."/>
  <Text id="spl_stream_selection_tracks" text="Дорожки"/>
  <Text id="spl_stream_selection_programs" text="Программы"/>
  <Text id="spl_stream_selection_video" text="Видео"/>
  <Text id="spl_stream_selection_audio" text="Аудио"/>
  <Text id="spl_stream_selection_text" text="Субтитры"/>
  <Text id="spl_stream_selection_external" text="Внешний"/>
  <Text id="spl_stream_selection_program" text="Программа#"/>
  <Text id="spl_stream_selection_ed_stream_preview" text="Включить/выключить поток для просмотра"/>
  <Text id="spl_stream_selection_ed_stream_editing" text="Включить/выключить поток для редактирования"/>
  <Text id="spl_stream_selection_ed_program_preview" text="Включить/выключить программу для просмотра"/>
  <Text id="spl_stream_selection_ed_program_editing" text="Включить/выключить программу для редактирования"/>
  <Text id="spl_stream_selection_size" text="размер"/>
  <Text id="spl_stream_selection_fps" text="fps"/>
  <Text id="spl_stream_selection_sample_rate" text="частота дискретизации"/>
  <Text id="spl_stream_selection_channels" text="каналы"/>
  <Text id="spl_stream_selection_edit_onlyvideo" text="Редактировать только видео"/>
  <Text id="spl_stream_selection_edit_onlyaudio" text="Редактировать только звук"/>
  <Text id="spl_stream_selection_edit_onlytext" text="Редактировать только субтитры"/>

  <!-- Dialog Saving Screenshot complete -->
  <Text id="spl_ssc_success" text="Сохранение изображения завершено!" />
  <!--Do not change the %spl_browse_screenshot text-->
  <Text id="spl_ssc_please_use" text="Пожалуйста, используйте кнопку '%spl_browse_screenshot' для открытия папки с изображением" />
  <Text id="spl_ssc_open_screenshots_folder_offer" text="Хотите открыть сейчас?" />
  <!-- Import EDL dialog -->
  <Text id="spl_select_frame_rate" text="Выберите частоту кадров для проекта"/>
  <Text id="spl_select"	text="Выбор"/>
  <Text id="spl_edl_contains_background_layer"	text="EDL содержит фоновый слой, который будет игнорироваться"/>

  <!-- Main frame-->
  <Text id="spl_wr_joining_task_is_in_progress" text="Происходит соединение.\nХотите завершить процесс склейки и выйти из программы?"/>
  <Text id="spl_info" text="Информация..."/>
  <Text id="spl_fragments_to_be_kept" text="Сохраняемые интервалы"/>
  <Text id="spl_size_btn_capt" text="разм"/>
  <Text id="spl_save_all_fragmets_dlg_capt" text="Сохранить файлы как; Файлы будут перенумерованы..."/>
  <Text id="spl_evaluation" text="ОЦЕНКА"/>
  <Text id="spl_evaluation_expired" text="ИСТЕК ПЕРИОД ОЦЕНКИ"/>
  <Text id="spl_click_size_button" text="Нажмите на кнопку &quot;разм&quot;"/>
  <Text id="spl_languages" text="Язык"/>
  <!-- File types-->
  <Text id="spl_all_files" text="Все файлы"/>
  <Text id="spl_audio_only_files" text="Только аудио" />
  <Text id="spl_text_only_files" text="Только субтитры"/>
  <Text id="spl_all_media_files" text="Все файлы"/>
  <Text id="spl_media_files" text="Медиа-файлы"/>
  <Text id="spl_video_files" text="Видео файлы"/>
  <Text id="spl_audio_files" text="Звуковые файлы"/>
  <Text id="spl_windows_media_files" text="Файлы Windows Media"/>
  <Text id="spl_avi_files" text="AVI файлы"/>
  <Text id="spl_asf_files" text="ASF файлы"/>
  <Text id="spl_wm_asf_files" text="WM/ASF файлы"/>
  <Text id="spl_wma_files" text="Windows Media Audio файлы"/>
  <Text id="spl_wave_audio_files" text="Wave Audio файлы"/>
  <Text id="spl_mpeg_audio_files" text="MPEG Audio файлы"/>
  <Text id="spl_mpeg_1_files" text="Файлы MPEG-1"/>
  <Text id="spl_mpeg_1_elementary_video_files" text="MPEG-1 Elementary Video файлы"/>
  <Text id="spl_mpeg_2_files" text="Файлы MPEG-2"/>
  <Text id="spl_mpeg_2_index_files" text="Файлы индекса MPEG-2"/>
  <Text id="spl_mpeg_2_program_stream_files" text="MPEG-2 Program Stream файлы"/>
  <Text id="spl_mpeg_2_transport_stream_files" text="MPEG-2 Transport Stream файлы"/>
  <Text id="spl_mpeg_2_elementary_video_files" text="MPEG-2 Elementary Video файлы"/>
  <Text id="spl_avchd_files" text="AVCHD файлы"/>
  <Text id="spl_project_files" text="Файлы проекта"/>
  <Text id="spl_task_list_files" text="Файлы списков задач"/>
  <Text id="spl_cue_files" text="CUE файлы"/>
  <Text id="spl_splitter_project_files" text="Файлы проекта Splitter"/>
  <Text id="spl_log_file" text="Файлы журнала"/>
  <Text id="spl_mpeg2_index_files" text="Файлы индекса MPEG2"/>
  <Text id="spl_waveform_audio" text="Waveform аудио" />
  <Text id="spl_mpeg_audio" text="MPEG аудио" />
  <Text id="spl_windows_media_audio" text="Windows Media аудио" />
  <Text id="spl_batch_list_files" text="Файлы списка менеджера пакетной обработки" />
  <Text id="spl_join_list_files" text="Файлы менеджера склейки" />
  <Text id="spl_mp4_files" text="Файлы MP4"/>
  <Text id="spl_matroska_files" text="Файлы Matroska"/>
  <Text id="spl_webm_files" text="Файлы WebM"/>
  <Text id="spl_flv_files" text="Файлы FLV"/>
  <!-- Icon notifications-->
  <Text id="spl_trim_finished" text="Редактирование окончено."/>
  <Text id="spl_trim_process_finished" text="Процесс редактирования окончено."/>
  <Text id="spl_started_task" text="Старт задачи"/>
  <Text id="spl_result_file_name" text="Имя файла результата:"/>
  <Text id="spl_starting_trim_process" text="Старт редактирования..."/>
  <Text id="spl_dropping_temporary_file" text="Удаление временных файлов..."/>
  <Text id="spl_write_failed" text="Ошибка записи."/>
  <Text id="spl_trim_process_stopped" text="Процесс редактирования остановлен"/>
  <Text id="spl_err_parsing_src_file" text="Ошибка в процессе обработки файла!"/>
  <Text id="spl_trimming" text="Редактирование..."/>
  <Text id="spl_canceled_by_user" text="Отменено пользователем."/>
  <Text id="spl_clips_list_is_empty" text="Список клипов пуст"/>
  <Text id="spl_pressed_exit_button" text="Pressed exit button"/>
  <Text id="spl_exiting" text="Выход..."/>
  <Text id="spl_processing_here" text="Обработка..."/>
  <Text id="spl_progress_information" text="Сведения о ходе выполнения:"/>
  <Text id="spl_current_task" text="Текущая задача:"/>
  <Text id="spl_write_a_file_number" text="Запись файла номер"/>
  <Text id="spl_total_progress" text="Общий прогресс:"/>
  <Text id="spl_processing_task" text="Обработка задачи:"/>
  <Text id="spl_total_tasks" text="Всего задач:"/>
  <!-- Messages-->
  <Text id="spl_save_changes_to_project_question" text="Хотите сохранить изменения в текущем проекте?"/>
  <Text id="spl_save_changes_to_batch_question" text="Хотите сохранить изменения в текущем списке пакетных заданий?"/>
  <Text id="spl_save_changes_to_joinlist_question" text="Хотите сохранить изменения в текущем списке склейки?"/>
  <Text id="spl_wr_components_are_not_found" text="Следующие компоненты требуются, но не найдены:"/>
  <Text id="spl_reinstalling_fix_the_problem" text="Переустановка приложения может решить проблему."/>
  <Text id="spl_err_cant_open_mpeg2_index_file" text="Не удается открыть файл индекса MPEG2"/>
  <Text id="spl_err_could_not_open_file" text="Не удалось открыть файл"/>
  <Text id="spl_err_error" text="Ошибка"/>
  <Text id="spl_err__error" text="ошибка"/>
  <Text id="spl_err_cant_get_file_size" text="Не удается получить размер файла"/>
  <Text id="spl_err_is_not_supported" text="не поддерживается или поврежден"/>
  <Text id="spl_files_not_supported_or_damaged" text="Некоторые файлы не поддерживаются или повреждены"/>
  <Text id="spl_err_cant_get_source_file_length" text="Не удается получить длительность файла"/>
  <Text id="spl_wr_src_file_not_set" text="Файл не был загружен"/>
  <Text id="spl_exclamation_warning" text="Предупреждение!"/>
  <Text id="spl_wr_already_exists" text="уже существует"/>
  <Text id="spl_question_replace" text="Хотите заменить?"/>
  <Text id="spl_path_doesnt_exist" text="Указанный путь не существует.\n Хотите создать?" />
  <Text id="spl_err_no_interval" text="Пожалуйста, выберите интервал.\nСм помощь для дополнительной информации."/>
  <Text id="spl_err_no_stream" text="Пожалуйста выберите хотя бы одну дорожку"/>
  <Text id="spl_err_cant_start_trim" text="Не удается запустить процесс редактирования"/>
  <Text id="spl_trimming_process_has_been_finished" text="Процесс редактирования закончен."/>
  <Text id="spl_joining_process_has_been_finished" text="Процесс склейки закончен." />
  <Text id="spl_slicing_process_has_been_finished" text="Разрезание на части закончено." />
  <Text id="spl_batch_process_has_been_finished" text="Процесс пакетной обработки закончен." />
  <Text id="spl_question_index_file_now" text="Покадровая навигация не доступна без индекса MPEG.\nИспользуйте для перемещения (CTRL+Стрелка влево, CTRL+Стрелка вправо) или индекс входного файла.\n\nХотите индексировать ваш файл?"/>
  <Text id="spl_err_drm_protection" text="Windows Media File - защищен ТСЗАП и не поддерживается в текущей версии"/>
  <Text id="spl_err_no_time_interval" text="Не установлен временной интервал"/>
  <Text id="spl_warning" text="Предупреждение"/>
  <Text id="spl_question_update_task" text="Хотите обновить задачу #"/>
  <Text id="spl_question_save_task" text="Список задач не сохранен. Сохранить?"/>
  <Text id="spl_question_open_selected_task" text="Открыть выбранную задачу?"/>
  <Text id="spl_question_exit" text="Подтверждение выхода.\nВы уверены?"/>
  <Text id="spl_wr_no_stream" text="Хотя бы один поток должен быть выбран"/>
  <Text id="spl_warn_audio_format" text="Аудио Формат:" />
  <Text id="spl_warn_audio_silence_is_not_supported" text="Функция аудио тишины не поддерживается для текущего аудио формата!" />
  <Text id="spl_question_value_in_new_program" text="Хотите чтобы значение было установлено при следующем запуске ?\nНе рекомендуется."/>
  <Text id="spl_will_be_overwrited" text="будет перезаписан"/>
  <Text id="spl_question_change_destination_file_name" text="Хотите изменить имя файла назначения?"/>
  <Text id="spl_err_dst_is_equal_to_src" text="Файл назначения и исходный файл совпадают."/>
  <Text id="spl_err_src_file_cant_be_set" text="Исходный Файл не может быть установлен"/>
  <Text id="spl_err_dst_file_cant_be_set" text="Файл назначения не может быть установлен"/>
  <Text id="spl_save_current_fragment_as" text="Сохранить текущий фрагмент как"/>
  <Text id="spl_wr_update_is_available" text="Доступно обновление.  Хотите узнать больше?"/>
  <Text id="spl_err_index_file_cant_be_set" text="Индексный файл не может быть установлен"/>
  <Text id="spl_err_write_project_file" text="Не удается записать файл проекта"/>
  <Text id="spl_err_open_project_file" text="Не удается открыть файл проекта"/>
  <Text id="spl_err_empty_project_file" text="Файл проекта пуст"/>
  <Text id="spl_err_read_project_file" text="Ошибка чтения файла проекта"/>
  <Text id="spl_wr_no_src_file" text="Не удается найти исходный файл"/>
  <Text id="spl_question_choose_manually" text="Хотите выбрать его вручную?"/>
  <Text id="spl_wr_invalid_output_file_in_project" text="Недопустимый выходной файл указан в проекте. Он будет игнорироваться."/>
  <Text id="spl_wr_unable_to_find_folder_specified_in_project" text="Не удается найти директорию, указанную в проекте."/>
  <Text id="spl_wr_do_you_want_to_create_it" text="Хотите создать ее?"/>
  <Text id="spl_question_save_fragments_marked_as_cut_off" text="Вы собираетесь сохранить все фрагменты.\nНекоторые фрагменты помечены на удаление.\n\nВы хотите сохранить их тоже?"/>
  <Text id="spl_err_no_intervals_selected1" text="Нет выбранных интервалов.\n\nМаркеры начала и конца в одной и той же позиции."/>
  <Text id="spl_err_registry_error" text="Ошибка реестра"/>
  <Text id="spl_err_open_index_file" text="Не удается открыть файл индекса"/>
  <Text id="spl_err_read_index_file" text="Не удается прочитать файл индекса"/>
  <Text id="spl_err_open_index_file_for_list" text="Не удается открыть один или несколько файлов индекса для этого списка файлов"/>
  <Text id="spl_err_index_file_is_not_opened" text="Индексный файл не открыт"/>
  <Text id="spl_err_cant_render_video_stream" text="Не удается воспроизвести видео поток"/>
  <Text id="spl_err_cant_render_audio_stream" text="Не удается воспроизвести аудио поток"/>
  <Text id="spl_err_no_codecs" text="Необходимые кодеки не найдены"/>
  <Text id="spl_register_code_has_been_accepted" text="Ваш код принят. Спасибо за регистрацию!"/>
  <Text id="spl_is_now_fully_functional" text="is now fully functional"/>
  <Text id="spl_enter_code_here" text="ВВЕДИТЕ КОД ЗДЕСЬ"/>
  <Text id="spl_incorrect_register_code" text="Код не верен. Пожалуйста, проверьте код и повторите."/>
  <Text id="spl_err_load_failed" text="Загрузка не удалась."/>
  <Text id="spl_err_task_list_load_failed" text="Не удается загрузить список задач"/>
  <Text id="spl_tasks_loaded_from" text="Задачи загружены из:"/>
  <Text id="spl_tasks_saved_into" text="Задачи сохранены в:"/>
  <Text id="spl_wr_output_file_name_matches_with_the_list_task" text="Имя выходного файла совпадает со списком задач"/>
  <Text id="spl_file_name" text="имя файла"/>
  <Text id="spl_question_rename" text="Хотите переименовать его сейчас?"/>
  <Text id="spl_question_save_changes_into" text="Вы хотите сохранить изменения в"/>
  <Text id="spl_question_before_opening" text="до открытия?"/>
  <Text id="spl_wr_append_files" text="Некоторые файлы не могут быть добавлены в список.\n\nВероятно они имеют неподдерживаемый формат!"/>
  <Text id="spl_wr_set_destination1" text="Следующее имя файла установлено на вывод:"/>
  <Text id="spl_wr_set_destination2" text="Хотите чтобы указанное имя было установлено в качестве файла назначения для текущего проекта объединения?"/>
  <Text id="spl_wr_choose_output_file_name" text="Перед тем как сохранить проект, будет предложено выбрать имя выходного файла.\n\nВы можете пропустить диалог, нажав &quot;отмена&quot;."/>
  <Text id="spl_err_indexing_process_cant_be_completed" text="Процесс индексации не может быть завершен, из-за повреждений в медиа файле"/>
  <Text id="spl_err_remuxing_failed" text="Перемуксирование не удалось. Исходный файл поврежден!" />
  <Text id="spl_err_no_intervals_selected2" text="Не выбрано ни одного интервала!\n\nПожалуйста, выберите по крайней мере один интервал для сохранения."/>
  <Text id="spl_wrn_join_managet_warning" text="Предупреждение менеджера"/>
  <Text id="spl_restartapp_to_take_effect" text="Пожалуйста презапустите приложение"/>
  <Text id="spl_indexing_process_has_been_finished" text="Процесс индекации завершен"/>
  <Text id="spl_no_file_for_index_found" text="Новые файлы для индексации не найдены!"/>
  <Text id="spl_index_deprecated" text="Индекс файл устарел."/>
  <Text id="spl_reindex_question" text="Хотите переиндексировать медиа файл?"/>
  <Text id="spl_cantcreatefile" text="SolveigMM Video Splitter не может создать файл:"/>
  <Text id="spl_diskfull" text="Возможно диск переполнен, защищен от записи или поврежден."/>
  <Text id="spl_choosepath" text="Пожалуйста, выберите другой путь для файла."/>
  <Text id="spl_wr_unable_to_display_map" text="Невозможно отобразить карту"/>
  <Text id="spl_wr_no_internet_connection"  text="Нет интернет соединения"/>
<Text id="spl_wr_no_gps_data_found" text="Не найдены данные GPS!"/>
  <Text id="spl_wr_check_ie_settings" text="Проверьте настройки Internet Explorer"/>
  <Text id="spl_loaded_file_corrupted" text="Файл поврежден! Результат резки может быть некорректен!"/>
  <Text id="spl_media_consist_of_one_frame" text="Video содержит всего 1 кадр"/>
  <Text id="spl_trimming_impossible" text="Резка невозможна"/>
  <Text id="spl_question_operation_supported_in_business_version" text="Операция поддерживается только в бизнес версии."/>
  <Text id="spl_question_try_in_business_splitter" text="Хотите попробовать в Video Splitter Business Edition?"/>
  <Text id="spl_cannot_enable_ha" text="Не удалось включить аппаратное ускорение"/>
  <Text id="spl_cannot_disable_ha" text="Не удалось отключить аппаратное ускорение"/>
  <Text id="spl_ha_enabled" text="Аппаратное ускорение включено"/>
  <Text id="spl_ha_disabled" text="Аппаратное ускорение отключено"/>
  <Text id="spl_msg_reset_to_defaults" text="Восстановлены значения настроек по умолчанию."/>
  <Text id="spl_msg_interlaced_file" text="Файл для редактирования чересстрочный.\nПри проигрывании отредактированного файла в некоторых плеерах могут возникнуть проблемы."/>
  <!--the full text is "Try in SolveigMM Video Splitter". it is divided in 2 parts-->
  <Text id="spl_btn_try_in_splitter_try" text="Попробовать в"/>
  <Text id="spl_btn_try_in_splitter_spl" text="SolveigMM Video Splitter"/>
  <!-- Log-->
  <Text id="spl_log_error" text=" : [ERROR] : "/>
  <Text id="spl_log_starting" text=" : [STARTING] : "/>
  <Text id="spl_log_finished" text=" : [FINISHED] : "/>
  <Text id="spl_log_warning" text=": [ВНИМАНИЕ]:"/>
  <Text id="spl_log_cleared" text="Лог очищен."/>
  <Text id="spl_log_noname" text="Noname"/>
  <Text id="spl_log" text="Журнал"/>
  <Text id="spl_runtimelog" text="RunTimeLog"/>
  <Text id="spl_log_created_at" text="Создан "/>
  <!-- Task list control-->
  <Text id="spl_tl_num" text="Задача #"/>
  <Text id="spl_tl_task_type" text="Тип" />
  <Text id="spl_tl_source_file" text="Исходный файл"/>
  <Text id="spl_tl_interval" text="Интервал(ы)"/>
  <Text id="spl_tl_dest_file" text="Конечный файл"/>
  <Text id="spl_tl_fragments_count" text="Количество фрагментов"/>
  <Text id="spl_tl_full_time" text="Полное время"/>
  <Text id="spl_tl_audio_stream" text="Аудио поток"/>
  <Text id="spl_tl_video_stream" text="Видео поток"/>
  <Text id="spl_tl_obey_sampeles_times" text="Звук и видео синхронно"/>
  <Text id="spl_tl_full_parsing" text="Полный парсинг"/>
  <Text id="spl_tl_accuracy" text="Точность"/>
  <Text id="spl_tl_error" text="ОШИБКА"/>
  <Text id="spl_tl_none" text="НЕТ"/>
  <Text id="spl_tl_all" text="ВСЕ" />
  <Text id="spl_tl_gop" text="GOP"/>
  <Text id="spl_tl_frame" text="Кадр"/>
  <Text id="spl_tl_yes" text="Да"/>
  <Text id="spl_tl_no" text="Нет"/>
  <Text id="spl_tl_size" text="Размер"/>
  <Text id="spl_tl_time" text="Время"/>
  <Text id="spl_tl_not_used" text="[не используется]"/>
  <Text id="spl_tl_noname" text="Без Названия" />
  <Text id="spl_tl_type_trimming" text="Резка" />
  <Text id="spl_tl_type_autosplit" text="Разрезание на части" />
  <Text id="spl_tl_type_indexation" text="Индексация" />
  <!-- Media library delete files confirm dlt -->
  <Text id="spl_confirm_delete_file_on_timeline_question" text="Выбранный файл используется на таймлайне.\nУдалить файл с таймлайна?"/>
  <Text id="spl_confirm_delete_file_on_timeline_check" text="Подтверждать удаление файлов используемых на таймлайне"/>
  <!-- Updates dialog-->
  <Text id="spl_upd_dlg_caption" text="Информация"/>
  <Text id="spl_visit_us_on_the_web" text="Домашняя страница"/>
  <Text id="spl_product_download_link" text="Загрузить"/>
  <Text id="spl_product_remind_me" text="Напомнить через"/>
  <Text id="spl_h1_latest_version" text="У Вас последняя доступная версия."/>
  <Text id="spl_h2_latest_version" text="Текущая версия"/>
  <Text id="spl_h1_new_release" text="Новая версия %s"/>
  <Text id="spl_h2_new_release" text="Выпущена версия %s."/>
  <Text id="spl_err_update" text="Ошибка во время обновления"/>
  <Text id="spl_1_day" text="1 День"/>
  <Text id="spl_3_days" text="3 Дня"/>
  <Text id="spl_7_days" text="7 Дней"/>
  <Text id="spl_15_days" text="15 Дней"/>
  <Text id="spl_never" text="Никогда"/>
  <Text id="spl_upd_dlg_upgrade_info_caption" text="Информация об обновлении" />
  <Text id="spl_upd_dlg_upgrade_info" text="Вы собираетесь загрузить обновление до следующей главной версии." />
  <Text id="spl_upd_dlg_upgrade_policy" text="Политика обновления продукта до следующей главной версии" />
  <Text id="spl_upd_dlg_upgrade_acknowledged" text="Ознакомлен(a)" />
  <Text id="spl_upd_dlg_continue" text="Продолжить" />
  <Text id="spl_upd_dlg_cancel" text="Отмена" />
  <!-- Time switch dialog-->
  <Text id="spl_dtm_warning" text="Внимание!" />
  <Text id="spl_dtm_displayed_format_willbechanged" text="Отображаемый формат времени будет изменен" />
  <Text id="spl_dtm_from" text="с" />
  <Text id="spl_dtm_to" text="на" />
  <Text id="spl_time_mode_timeframes_mask" text="(ч:мин:с;кадры)" />
  <Text id="spl_time_mode_time_mask" text="(ч:мин:с,мс)" />
  <Text id="spl_time_mode_time10ms_mask" text="(ч:мин:с:10мс)" />
  <Text id="spl_time_mode_timeframes" text="Время и кадры" />
  <Text id="spl_time_mode_time" text="Время" />
  <Text id="spl_time_mode_time10ms" text="Время в десятках мс" />
  <Text id="spl_dtm_to_change_time_format" text="Настройка формата времени" />
  <Text id="spl_dtm_dontshow" text="Не показывать больше" />
  <!-- Final message dialog-->
  <Text id="spl_final_file_saved" text="Файл сохранён!" />
  <Text id="spl_final_total_time_processing" text="Общее время редактирования: " />
  <Text id="spl_final_duration" text="Продолжительность: " />
  <Text id="spl_final_size" text="Размер: " />
  <!-- CDialogApplyProjSettingsWarn-->
  <Text id="spl_apsw_option_is_enabled" text="Включена настройка:" />
  <!-- Registration dialog-->
  <Text id="spl_wr_enter_yourkey" text="Введите ключ"/>
  <Text id="spl_copypaste_recommended" text="(Рекомендуется Копировать/Вставить)"/>
  <Text id="spl_wr_activation_failed" text="Ошибка активации! Пожалуйста, проверьте правильность ввода ключа."/>
  <Text id="spl_wr_activation_success" text="Спасибо! Ваша копия успешно активирована."/>
  <Text id="lc_dlg_read_lic_from_file" text="или откройте файл с лицензией"/>
  <Text id="lc_dlg_use_offline_activation" text="или активируйте offline"/>
  <Text id="lc_dlg_use_online_activation" text="или активируйте online"/>
  <Text id="lc_dlg_get_activation_info" text="Получить строку активации"/>
  <Text id="lc_need_help" text="Нужна помощь с активацией?"/>
  <Text id="lc_dlg_copy_activation_string" text="Пожалуйста, введите строку активации на"/>
  <Text id="lc_dlg_copy_activation_site" text="http://www.solveigmm.com/wlm/offline.php"/>
  <Text id="lc_dlg_toaquire_serial" text="чтобы получить серийный номер"/>
  <Text id="lc_dlg_enter_serial" text="Введите серийный номер"/>
  <Text id="lc_dlg_fill_license_info" text="Введите информацию о лицензии"/>
  <Text id="lc_company" text="Компания:"/>
  <Text id="lc_name" text="*Имя:"/>
  <Text id="lc_email" text="*E-Mail:"/>
  <Text id="lc_privacy_policy" text="Я принимаю условия Политики Приватности"/>
  <Text id="lc_policy" text="Политика Приватности"/>

  <!-- Save file dialog-->
  <Text id="spl_save_video_track_only" text="Сохранить только дорожку видео" />
  <Text id="spl_save_audio_track_only" text="Сохранить только дорожку звука" />
  <!-- Smart trimming-->
  <Text id="spl_default_trimm_accuracy" text="Точность резки по умолчанию:"/>
  <Text id="spl_default_trimm_accuracy_frame" text="Кадр"/>
  <Text id="spl_default_trimm_accuracy_gop" text="GOP(Ключевой кадр)"/>
  <Text id="spl_available_encoders_and_decoders" text="Компрессоры / декомпрессоры:" />
  <Text id="spl_preferred_codecs" text="Предпочитаемые кодеки:" />
  <Text id="spl_clear_forced" text="Удалить все" />
  <Text id="spl_move_up_forced" text="Переместить вверх" />
  <Text id="spl_move_down_forced" text="Переместить вниз" />
  <Text id="spl_delete_selected_forced" text="Удалить" />
  <Text id="spl_copy_info_to_clipboard" text="Копировать в буфер обмена" />
  <Text id="spl_show_filters_for_current_format" text="Показать фильтры для текущего\nформата" />
  <Text id="spl_chosen_codecs" text="Выбранные кодеки:" />
  <Text id="spl_force_selected" text="Форсировать" />
  <Text id="spl_show_properties" text="Свойства" />
  <Text id="spl_err_apropriate_decoder_not_found" text="Подходящий декодер не найден." />
  <Text id="spl_err_apropriate_encoder_not_found" text="Подходящий енкодер не найден." />
  <Text id="spl_err_system_configuration_inappropriate_for_trimming" text="Конфигурация системы не подходит для корректной работы." />
  <Text id="spl_err_windows_media_runtime_11_is_required" text="Требуется Windows Media Runtime 11.\n Вы можете получить ее путем обновления Windows Media Player до версии 11." />
  <Text id="spl_err_compatible_decoder_encoder_not_found" text="Подходящие декодер и енкодер не найдены." />
  <Text id="spl_err_smart_trimming_is_not_possible_for_video_format" text="Точность до кадра (Умный режим) невозможен для видео формата" />
  <Text id="spl_err_trimming_in_gop_mode" text="резка будет в GOP(K-Frame) режиме." />
  <Text id="spl_err_would_you_like_to_open_preferences_window" text="Хотите открыть диалог настроек, чтобы посмотреть конфигурации фильтров?" />
  <Text id="spl_media_mismatch_avc_spec" text="Видео не соответствует спецификации AVC."/>
  <Text id="spl_level_to_low" text="Размеры кадров и их частота велики для указанного уровня."/>
  <Text id="spl_fa_level_changed" text="Уровень будет изменен для опции 'Точность до кадра'."/>

  <!-- Audio WaveForm Settings-->
  <Text id="spl_audio_curve" text="Форма звуковой волны" />
  <Text id="spl_follow_slider_curve_constructed" text="Следовать за ползунком в процессе построения"/>
  <Text id="spl_peaks_file_path" text="Путь к файлам формы звуковой волны:"/>
  <Text id="spl_peaks_file_path_change" text="Изменить"/>
  <Text id="spl_peaks_file_path_open" text="Обзор"/>
  <Text id="spl_peaks_file_path_reset" text="По умолчанию"/>
  <Text id="spl_select_peak_files_path" text="Выберите путь к файлам форм звуковой волны"/>
  <Text id="spl_invalid_peak_files_path" text="Выбранный путь неверен!"/>
  <Text id="spl_reset_path_question" text="Вы действительно хотите сбросить к значению по умолчанию?"/>
  <Text id="spl_reset_path_question_title" text="Сбросить путь к файлам"/>
  <!-- Thumbnails Settings -->
  <Text id="spl_video_thumbnails" text="Раскадровка"/>
  <Text id="spl_hddCache_file_path" text="Путь к кешу:"/>
  <Text id="spl_enable_hdd_cache" text="Использовать кеш на жестком диске"/>
  <Text id="spl_select_thumbs_files_path" text="Выберите путь к файлам миниатюр"/>
  <Text id="spl_reset_thumbspath_question" text="Вы хотите изменить путь к файлу миниатюр на значение по умолчанию?"/>
  <Text id="spl_reset_thumbspath_question_title" text="Установить путь к файлам миниатюр по умолчанию"/>

  <!-- Output files mask-->
  <Text id="spl_ouput_files_mask" text="Маска выходных файлов" />
  <Text id="spl_ouput_files_settings" text="Выходные файлы" />
  <Text id="spl_mask_output_file_names" text="Маска имен сохраняемых файлов:" />
  <Text id="spl_mask_reset" text="По умолчанию"/>
  <Text id="spl_mask_source" text="Исходное имя файла"/>
  <Text id="spl_mask_number" text="Номер выходного файла по рангу (1,2,3...)"/>
  <Text id="spl_mask_number_ext" text="Номер выходного файла по рангу (0001,0002,0003...)"/>
  <Text id="spl_mask_date" text="Дата файла, обычный вид (YYYY_MM_DD_hh_mm_ss)"/>
  <Text id="spl_mask_date_ext" text="Дата файла, настраиваемый вид (YYYYMMDD)"/>
  <Text id="spl_mask_number_ext_daily" text="Не сбрасывать номер в течение дня"/>
  <Text id="spl_mask_sample_file_name" text="Имя файла"/>
  <Text id="spl_mask_invalid_format" text="Неверный формат маски"/>
  <Text id="spl_mask_name_too_long" text="Слишком длинное имя файла"/>
  <Text id="spl_mask_enable" text="Использовать маску для имен выходных файлов"/>
  <Text id="spl_warn_mask_without_enumeration" text="Маска не содержит номера выходного файла!"/>
  <Text id="spl_warn_continue_question" text="Продолжить?"/>
  <Text id="spl_mask_customize" text="Настроить"/>
  <Text id="spl_mask_output_folder_settings" text="Настройки папки выходных файлов"/>
  <Text id="spl_computer_id" text="ID компьютера"/>
  <Text id="spl_mask_outfolder_save_where_input" text="Сохранять в ту же папку, где входной файл"/>
  <Text id="spl_mask_outfolder_save_where_last_saved" text="Сохранять по месту последнего сохранения"/>
  <Text id="spl_mask_outfolder_save_where_specified" text="Сохранять в указанную папку"/>
  <!-- View Tab-->
  <Text id="spl_show_media_library" text="Отображать медиатеку"/>
  <Text id="spl_display_extended_playlist" text="Pасширенный вид"/>
  <Text id="spl_show_info_panel" text="Отображать информационную панель"/>
  <Text id="spl_show_splash" text="Отображать заставку"/>
  <Text id="spl_show_info_item_in_sysmenu" text="Отображать информацию в системном меню"/>
  <Text id="spl_show_logo_back_ground" text="Отображать логотип на фоновом изображении видео окна"/>
  <Text id="spl_show_gps_data_panel" text="Отображать панель GPS навигации"/>
  <Text id="spl_show_gps_data_sensors_panel" text="Отображать датчики в панели GPS навигации"/>
  <Text id="spl_show_extra_video_wnd" text="Отображать дополнительное видео окно на файлах видеорегистраторов"/>
  <Text id="spl_compare_video_mode" text="Включить режим сравнения видео"/>
  <Text id="spl_color_settings" text="Настройки цвета текста:"/>
  <Text id="spl_color_mb_main_text" text="Окна сообщений - основной"/>
  <Text id="spl_color_mb_hl_text" text="Окна сообщений - подсвеченный"/>
  <Text id="spl_color_file_info_text" text="Информационная панель"/>
  <Text id="spl_show_tutorial_wizard" text="Показывать обучающий диалог"/>
  <Text id="spl_show_final_message" text="Отображать информацию о резке"/>
  <Text id="spl_show_filename_on_final_message" text="Выводить имя выходного файла в информации о резке"/>
  <Text id="spl_show_file_position_edit" text="Показывать поле редактирования текущий позиции"/>
  <Text id="spl_show_file_length" text="Показывать длительность файла"/>
  <Text id="spl_show_volume_slider" text="Показывать регулятор громкости"/>
  <Text id="spl_show_markers_mode_switch" text="Показывать переключатель режима маркеров"/>
  <Text id="spl_show_interval_start_time_edit" text="Показывать поле редактирования начала интервала"/>
  <Text id="spl_show_interval_end_time_edit" text="Показывать поле редактирования конца интервала"/>
  <Text id="spl_show_zoom_slider" text="Показывать регулятор масштабирования"/>
  <Text id="spl_show_next_frame_button" text="Показывать кнопку '%spl_next_frame'"/>
  <Text id="spl_show_next_k_frame_button" text="Показывать кнопку '%spl_next_k_frame'"/>
  <Text id="spl_show_jump_forward_button" text="Показывать кнопку 'Перейти вперед'"/>
  <Text id="spl_show_play_pause_button" text="Показывать кнопку '%spl_play'"/>
  <Text id="spl_show_stop_button" text="Показывать кнопку '%spl_stop'"/>
  <Text id="spl_show_previous_frame_button" text="Показывать кнопку '%spl_previous_frame'"/>
  <Text id="spl_show_previous_k_frame_button" text="Показывать кнопку '%spl_previous_k_frame'"/>
  <Text id="spl_show_jump_backward_button" text="Показывать кнопку 'Перейти назад'"/>
  <Text id="spl_show_make_screenshot_button" text="Показывать кнопку '%spl_make_screenshot'"/>
  <Text id="spl_show_browse_screenshot_button" text="Показывать кнопку '%spl_browse_screenshot'"/>
  <Text id="spl_show_thumbnails_button" text="Показывать кнопку '%story_board_on/Выкл'"/>
  <Text id="spl_show_audiocurve_button" text="Показывать кнопку '%audio_curve_on/Выкл'"/>
  <Text id="spl_show_add_marker_button" text="Показывать кнопку '%spl_add_marker'"/> 
  <Text id="spl_show_set_audiosilence_button" text="Показывать кнопку '%spl_act_set_audio_silence'"/>
  <Text id="spl_show_save_button" text="Показывать кнопку '%spl_save'"/>
  <Text id="spl_show_browse_output_button" text="Показывать кнопку '%spl_browse_output'"/>
 
  <!-- Control Tab-->
  <Text id="spl_sync_medialibrary_and_timeline" text="Синхронизировать медиатеку с файлами на таймлайне"/>
  <Text id="spl_close_app_after_trimm" text="Закрыть приложение после резки"/>
  <Text id="spl_ask_output_file_name" text="Спрашивать имя выходного файла при нажатии &quot;Сохранить&quot;"/>
  <Text id="spl_navigate_to_interlaced_fields" text="Позиционироваться на поля чересстрочной развертки видео AVC " />
  <Text id="spl_padding_on_mpeg_ts_files" text="Выравнивание на MPEG TS файлах" />
  <Text id="spl_index_mpa_files" text="Индексировать MPEG аудио файлы" />
  <Text id="spl_index_mpeg_files" text="Индексировать MPEG видео файлы" />
  <Text id="spl_keep_proj_settings" text="Хранить настройки проекта (интервалы, выбранные потоки) на файлах в сессии" />
  <Text id="spl_dont_add_marker_same_pos" text="Не добавлять маркер в позицию существующего маркера" />
  <Text id="spl_show_warning_apply_proj_settings" text="Предупреждать при применении настроек проекта на открываемых файлах" />
  <Text id="spl_dont_save_recent_files" text="Не сохранять &quot;Последние файлы&quot;" />
  <Text id="spl_show_message_after_saving_screenshot" text="Показывать сообщение после сохранения скриншота" />
  <Text id="spl_autobackup_projects" text="Автоматически сохранять резервные копии проекта" />
  <Text id="spl_disable_frame_alignment" text="Отключить выравнивание по кадрам"/>
  <Text id="spl_singlethreadmode_mpeg2encoder" text="Включить однопоточный режим в кодировщике MPEG2"/>
  <Text id="spl_keep_mpeg_closed_captions" text="Сохранять данные MPEG2 closed captions при перекодировании"/>
  <Text id="spl_keep_mpeg_ts_info" text="Сохранять MPEG TS PIDs"/>
  <Text id="spl_rtp_hint_tracks" text="RTP hint tracks в MP4 файлах:"/>
  <Text id="spl_rtp_hint_tracks_writeiforiginal" text="Записывать если есть в исходном файле"/>
  <Text id="spl_rtp_hint_tracks_writealways" text="Записывать всегда"/>
  <Text id="spl_rtp_hint_tracks_dontwrite" text="Не записывать"/>
  <Text id="spl_start_play_after_drop" text="Воспроизвести файл после добавления на таймлайн"/>
  <Text id="spl_stop_play_on_markerstop_placed" text="Приостанавливать воспроизведение после установки маркера конца"/>
  <Text id="spl_use_one_interval_mode" text="Использовать режим одного интервала "/>
  <Text id="spl_autocopy_to_clipboard_filename_after_trimming" text="Копировать имя выходного файла в буфер после окончания резки"/>
  <Text id="spl_launch_new_instance" text="Запуск новой копии при начале сохранения файла"/>
  <Text id="spl_close_after_save" text="Закрыть приложение после сохранения файла"/>
  <Text id="spl_transcoding_with_bit_depth_preserving" text="Перекодирование с сохранением глубины цвета"/>

  <!-- playback Tab-->
  <Text id="spl_playback_settings" text="Воспроизведение" />
  <Text id="spl_smart_mode_settings" text="Настройки умного режима" />
  <Text id="spl_video_renderer" text="Видео рендерер" />
  <Text id="spl_vr_default" text="По умолчанию" />
  <Text id="spl_vr_vmr7" text="VMR-7" />
  <Text id="spl_vr_vmr9" text="VMR-9" />
  <Text id="spl_vr_evr" text="EVR" />
  <Text id="spl_restore_frames_with_errors_avc" text="Восстанавливать кадры с ошибками на AVC видео" />
  <!-- Slicing Tab-->
  <Text id="spl_slicing_pref" text="Разрезание на части"/>
  <Text id="spl_files_indexation" text="Индексация файлов:" />
  <Text id="spl_index_files_before_start" text="Индексировать файлы перед нажатием кнопки &quot;Старт&quot;" />
  <Text id="spl_index_files_immediately_after_adding" text="Индексировать файлы сразу после добавления" />
  <!-- subtitles Tab -->
  <Text id="spl_subtitles" text="Субтитры"/>
  <Text id="spl_apply_now" text="Применить"/>
  <Text id="spl_choose_font" text="Выбрать шрифт"/>
  <Text id="spl_override_subtitles_placement" text="Переопределить позицию субтитров"/>
  <Text id="spl_override_subtitles_font" text="Переопределить шрифт субтитров"/>
  <Text id="spl_y_postion" text="Y позиция(%)"/>
  <Text id="spl_x_postion" text="X позиция(%)"/>
  <!-- Gif export Tab -->
  <Text id="spl_gif_export_settings" text="Сохранение в GIF"/>
  <Text id="spl_gif_frames_count_control" text="Управление кадрами:"/>
  <Text id="spl_gif_save_equidistant_frames" text="Сохранять равноудаленные кадры:"/>
  <Text id="spl_gif_frames_count" text="Количество кадров"/>
  <Text id="spl_gif_frame_duration" text="Длительность кадра (1/100 cек)"/>
  <Text id="spl_gif_override_fps" text="Переопределить количество кадров в cек:"/>
  <Text id="spl_gif_fps" text="Кадры в секунду"/>
  <Text id="spl_gif_keep_original_fps" text="Сохранить исходное количество кадров в сек"/>
  <!-- medialibrary -->
  <Text id="spl_ml_indexation" text="ИНДЕКСАЦИЯ"/>
  <Text id="spl_ml_cancel" text="ОТМЕНА"/>
  <Text id="spl_medialibrary_drag_1" text="Перетащите файлы сюда\nили"/>
  <Text id="spl_medialibrary_add_to_media" text="Добавить файлы\nв медиатеку"/>
  <Text id="spl_medialib_choose" text="Выберите файлы"/>
  <Text id="spl_medialibrary" text="МЕДИАТЕКА"/>
  <Text id="spl_medialib_simple_view" text="Список"/>
  <Text id="spl_medialib_extended_view" text="Расширенный вид"/>
  <Text id="spl_link_video_file_as_second_camera" text="Привязать файл с дополнительной камеры"/>
  <!-- search control-->
  <Text id="spl_search_enter_name" text="Введите название"/>
  <Text id="spl_search" text="Поиск"/>
  <!-- maps -->
  <Text id="spl_route" text="МАРШРУТ"/>
  <!-- videoWindow-->
  <Text id="spl_videowindow_files_from_medialib" text="Файлы Медиатеки проигрываются здесь."/>

  <!-- SMM Slider Ctrl-->
  <Text id="spl_z_hours" text="часа" />
  <Text id="spl_z_hour" text="час" />
  <Text id="spl_z_minutes" text="минут" />
  <Text id="spl_z_minute" text="минута" />
  <Text id="spl_z_minutes1" text="минуты" />
  <Text id="spl_z_seconds" text="секунд" />
  <Text id="spl_z_second" text="секунда" />
  <Text id="spl_z_milliseconds" text="миллисекунд" />
  <Text id="spl_z_millisecond" text="миллисекунда" />
  <Text id="spl_z_framemode" text="Покадровый режим" />
  <Text id="spl_z_resetzoom" text="Сбросить Масштаб" />
  <Text id="story_board_on" text="Раскадровка Вкл" />
  <Text id="story_board_off" text="Раскадровка Выкл" />
  <Text id="audio_curve_on" text="Форма звуковой волны Вкл" />
  <Text id="audio_curve_off" text="Форма звуковой волны Выкл" />
  <Text id="drag_files_here" text="Перетащите файлы сюда для начала работы"/>
  <!-- Compare Video Mode-->
  <Text id="spl_open_media_file" text="Открыть файл"/>
  <Text id="spl_zoom_video_in" text="Увеличить масштаб видео"/>
  <Text id="spl_zoom_video_out" text="Уменьшить масштаб видео"/>
  <Text id="spl_zoom_video_reset" text="Сбросить масштаб"/>
  <Text id="spl_click_region_to_zoom" text="Кликните на видео для увеличения"/>
  <Text id="spl_compare_mode_media_file_has_no_video" text="Файл не содержит видео и не может быть загружен в этом режиме!"/>
  <!-- Wizard -->
  <Text id="spl_wiz_next" text="Далее"/>
  <Text id="spl_wiz_back" text="Назад"/>
  <Text id="spl_wiz_finish" text="Готово"/>
  <Text id="spl_skip" text="Пропустить"/>
  <Text id="spl_wizard_show_on_start" text="Показывать при запуске"/>
  <Text id="spl_wizard_new_splitter" text="Представляем обновленный %4"/>
  <Text id="spl_wizard_medialib" text="Работайте с множеством файлов, используя новую МЕДИАТЕКУ"/>
  <Text id="spl_wizard_medialib_add" text="Добавляйте необходимые файлы, перетаскивая их в поле МЕДИАТЕКИ\nили с помощью кнопки"/>
  <Text id="spl_wizard_modes" text="Два режима работы: в режиме &quot;Удалять (&#x2716;)&quot; выбранный отрезок удаляется из файла,\nв режиме &quot;Сохранять (&#x2714;)&quot; удаляется все кроме выбранного отрезка."/>
  <Text id="spl_wizard_cut_check" text="Использовать по умолчанию режим &quot;Удалять&quot;"/>
  <Text id="spl_wizard_preview_res" text="Просматривайте результат до сохранения с функцией &quot;Схлопывать интервалы,\nотмеченные для удаления&quot;. Интервалы раскрываются двойным нажатием на маркер."/>
  <Text id="spl_wizard_collapse_check" text="Схлопывать интервалы, отмеченные для удаления"/>
  <Text id="spl_wizard_sync" text="Для быстрой работы с множеством файлов\nможно автоматически добавлять их в рабочую область при добавлении в МЕДИАТЕКУ."/>
  <Text id="spl_wizard_sync_check" text="Синхронизировать МЕДИАТЕКУ с временной шкалой"/>
  <!--Special version-->
  <Text id="spl_valid_until" text="Лицензия действует до 15 Декабря 2018"/>
  <Text id="spl_spec_version_expired" text="Срок действия специальной версии истек."/>
  <Text id="spl_spec_version_expired_1" text="Посетите сайт Solveig Multimedia\nчтобы приобрести полную версию."/>
  <Text id="spl_buy_full" text="Купить Полную версию"/>
  <Text id="spl_files_not_supported_or_damaged_1" text="Специальная версия поддерживает только\nфайлы MP4 c AVC/H.264 видео."/>
  <!-- editing engine messages -->
  <Text id="IDS_STR_MSG_DESTINATION_FILE_HAS_NOT_BEEN_SET" text="Выходной файл не может быть установлен" />
  <Text id="IDS_STR_MSG_INPUT_FILE_HAS_NOT_BEEN_SET_PROPERLY_OR_DAMAGED" text="Входной файл не был установлен или поврежден" />
  <Text id="spl_err_invalid_data_c00d002f" text="Были обнаружены неверные или поврежденные данные" />
  <!-- Collect Email dialog -->
  <Text id="spl_collect_email_offers" text="Вас ждут\nвыгодные предложения!"/>
  <Text id="spl_collect_email_subscribe" text="Напишите свой email, чтобы быть в курсе!"/>
  <Text id="spl_collect_email_usubscribe" text="Вы можете отписаться в любой момент"/>
  <Text id="spl_subscribe" text="Подписаться"/>
  <Text id="spl_collect_email_fill_email" text="Заполните поле e-mail адреса!"/>
  <Text id="spl_collect_email_invaild_format" text="Неверный формат e-mail!"/>
  <Text id="spl_collect_email_failed" text="Сбой в подписке!"/>
  <Text id="spl_collect_email_nointernet" text="Нет интернет соединения!"/>
  <!-- UHD HEVC warning-->
  <Text id="spl_uhdhevcx64" text="Для UHD HEVC файлов рекомендуется x64 версия продукта"/>
  <Text id="spl_uhdhevcx64_get" text="Хотите получить ее сейчас?"/>
  <Text id="spl_show_uhdhevc_warnings" text="Показывать предупрежение о UHD HEVC"/>
  <Text id="spl_available_with_evr" text="Функция доступна только с Enhanced Video Render!"/>
  <Text id="spl_available_with_d3d" text="Функция доступна только на видеокартах с поддержкой D3D!"/>

</XMLLang>
