<config><server><tcp host="thunderx.rcv.sandai.net" port="80"/></server><priority><level id="0" reporttime="0"/><level id="1" reporttime="0"/><level id="2" reporttime="1"/><level id="3" reporttime="-1"/><level id="4" reporttime="-2"/></priority><stat><event index="5168" key="core_event" priority="1" /><event index="5169" key="download_leftpanel" priority="1" /><event index="5170" key="client_top" priority="1" /><event index="5171" key="user_info" priority="1" /><event index="5172" key="client_quick" priority="1" /><event index="5173" key="setting_center" priority="1" /><event index="5174" key="download_right" priority="1" /><event index="5155" key="download_detail" priority="1" /><event index="5175" key="client_all_online_time" priority="1" /><event index="5176" key="main_effective_online_time" priority="1" /><event index="5177" key="freemodel_online_time" priority="1" /><event index="5178" key="float_monitor_online_time" priority="1" /><event index="5182" key="xlx_vip_event" priority="1" /><event index="5183" key="xlx_ad_event" priority="1" /><event index="4613" key="core_operate" priority="1" /><event index="4622" key="download_pannel" priority="1" /><event index="4620" key="right_area" priority="1" /><event index="5167" key="business" priority="1" /><event index="5157" key="clienttop" priority="1" /><event index="5185" key="xdas_profile_stat" priority="1" /><event index="5151" key="community" priority="1" /><event index="5186" key="xdas_client_pro" priority="1" /><event index="5187" key="xlx_kuainiao" priority="1" /><event index="5194" key="xlx_zb_event" priority="1" /><event index="5206" key="5167" priority="4" /><event index="5207" key="player" priority="1" /><event index="5209" key="new_tab" priority="1" /><event index="5210" key="plugin_stat" priority="1" /></stat></config>